59	kurze	4.030725208559798
59	tröstet	4.030725208559798
59	sterben	4.030725208559798
59	riß	4.030725208559798
59	kräftigsten	4.030725208559798
59	ißt	4.030725208559798
59	sanft	3.030725208559798
59	gleiches	3.030725208559798
59	riet	3.030725208559798
59	lieder	3.030725208559798
59	berühmte	3.030725208559798
59	papa	3.030725208559798
59	flaschen	3.030725208559798
59	fröhlich	2.030725208559798
59	gefragt	2.030725208559798
59	natürliche	2.030725208559798
59	innige	2.030725208559798
59	gilt	2.030725208559798
59	wundre	2.030725208559798
59	dankte	2.030725208559798
59	nachstreben	2.030725208559798
59	probiert	2.030725208559798
59	maske	2.030725208559798
59	werfen	2.030725208559798
59	anspruchslosigkeit	2.030725208559798
59	guste	2.030725208559798
59	empfindlichkeit	2.030725208559798
59	kurieren	2.030725208559798
59	stubenrauch	2.030725208559798
59	geweint	2.030725208559798
59	unbeständigkeit	2.030725208559798
59	vorwerfen	2.030725208559798
59	abwenden	2.030725208559798
59	losmachen	2.030725208559798
59	opfers	2.030725208559798
59	beharrlichkeit	2.030725208559798
59	schlafrock	2.030725208559798
59	blutet	2.030725208559798
59	credit	2.030725208559798
59	emil	2.030725208559798
59	geweckt	2.030725208559798
59	malte	2.030725208559798
59	lieberes	2.030725208559798
59	finster	2.030725208559798
59	torte	2.030725208559798
59	besserer	1.0307252085597984
59	erhalte	1.0307252085597984
59	gouvernante	1.0307252085597984
59	prinzen	1.0307252085597984
59	graf	1.0307252085597984
58	geliebtes	5.030725208559798
58	rätsel	5.030725208559798
58	gesprochen	4.030725208559798
58	langem	4.030725208559798
58	inwiefern	4.030725208559798
58	madam	4.030725208559798
58	weibe	4.030725208559798
58	strafe	4.030725208559798
58	gefühl	3.030725208559798
58	wozu	3.030725208559798
58	vorhaben	3.030725208559798
58	s.w	3.030725208559798
58	ehrliche	3.030725208559798
58	zimmern	3.030725208559798
58	quälen	3.030725208559798
58	erkenntnis	3.030725208559798
58	überlaße	3.030725208559798
58	redlich	3.030725208559798
58	schrecklichste	3.030725208559798
58	gönnten	3.030725208559798
58	schöne	2.030725208559798
58	nochmals	2.030725208559798
58	zwingt	2.030725208559798
58	wahrhaften	2.030725208559798
58	bessert	2.030725208559798
58	eltern	2.030725208559798
58	wider	2.030725208559798
58	betrübnis	2.030725208559798
58	anhänglichkeit	2.030725208559798
58	schweige	2.030725208559798
58	gesagte	2.030725208559798
58	konzentriert	2.030725208559798
58	abbitte	2.030725208559798
58	unschuldige	2.030725208559798
58	politisch	2.030725208559798
58	zorn	2.030725208559798
58	verbot	2.030725208559798
58	unauslöschlich	2.030725208559798
58	wiederstreben	2.030725208559798
58	freiwillige	2.030725208559798
58	sanftes	2.030725208559798
58	beregners	2.030725208559798
58	teuflischen	2.030725208559798
58	brennt	2.030725208559798
58	händedruck	2.030725208559798
58	krallen	2.030725208559798
58	verraten	2.030725208559798
58	begonnen	2.030725208559798
58	scheins	2.030725208559798
58	versichre	2.030725208559798
57	herzogin	13.0307252085598
57	herzog	12.0307252085598
57	gräfin	11.0307252085598
57	liebenstein	10.0307252085598
57	lebendig	8.030725208559799
57	bareuth	7.030725208559798
57	genus	7.030725208559798
57	adel	7.030725208559798
57	tinchen	7.030725208559798
57	gotha	6.030725208559798
57	spannung	6.030725208559798
57	herders	5.030725208559798
57	herzogs	5.030725208559798
57	präsident	5.030725208559798
57	hildburghausen	5.030725208559798
57	geistig	4.030725208559798
57	leere	4.030725208559798
57	reisten	4.030725208559798
57	beigefügt	4.030725208559798
57	mazdorf	4.030725208559798
57	hildburgh	4.030725208559798
57	erbprinz	4.030725208559798
57	unverdient	3.030725208559798
57	stadt	3.030725208559798
57	doktor	3.030725208559798
57	geantwortet	3.030725208559798
57	großmutter	3.030725208559798
57	reizende	3.030725208559798
57	sturm	3.030725208559798
57	beschreibung	3.030725208559798
57	meinungen	3.030725208559798
57	leise	3.030725208559798
57	wählte	3.030725208559798
57	adressiert	3.030725208559798
57	gleim	3.030725208559798
57	bewusst	3.030725208559798
57	kette	3.030725208559798
57	minute	3.030725208559798
57	abbrechen	3.030725208559798
57	mecklenburg	3.030725208559798
57	fürstin	3.030725208559798
57	fürst	3.030725208559798
57	jungfer	3.030725208559798
57	vermischt	2.030725208559798
57	einfache	2.030725208559798
57	fühlen	2.030725208559798
57	geliebt	2.030725208559798
57	porto	2.030725208559798
57	aufmerksamkeit	2.030725208559798
57	tafel	2.030725208559798
56	altenstein	8.030725208559799
56	rosalie	8.030725208559799
56	rosaliens	5.030725208559798
56	monat	4.030725208559798
56	gönnt	4.030725208559798
56	stufe	4.030725208559798
56	jeher	4.030725208559798
56	veranlaßt	3.030725208559798
56	aufheben	3.030725208559798
56	minuten	3.030725208559798
56	zweier	3.030725208559798
56	entschließen	3.030725208559798
56	eifrig	3.030725208559798
56	neigung	3.030725208559798
56	durchlesen	3.030725208559798
56	george	3.030725208559798
56	befremdet	3.030725208559798
56	allgemeine	3.030725208559798
56	soldaten	3.030725208559798
56	erwachen	3.030725208559798
56	punkten	3.030725208559798
56	täuscht	3.030725208559798
56	kränklichen	3.030725208559798
56	weitläufiger	3.030725208559798
56	golz	3.030725208559798
56	kanonen	3.030725208559798
56	gelingt	2.030725208559798
56	prinzen	2.030725208559798
56	ostern	2.030725208559798
56	unschuldigen	2.030725208559798
56	einnahme	2.030725208559798
56	acht	2.030725208559798
56	warm	2.030725208559798
56	begierig	2.030725208559798
56	verbindung	2.030725208559798
56	geschmack	2.030725208559798
56	boden	2.030725208559798
56	geschichte	2.030725208559798
56	amöne	2.030725208559798
56	offenherzig	2.030725208559798
56	gestehe	2.030725208559798
56	berichten	2.030725208559798
56	gefahr	2.030725208559798
56	billigen	2.030725208559798
56	fähigkeit	2.030725208559798
56	schiller	2.030725208559798
56	geschöpf	2.030725208559798
56	fichtes	2.030725208559798
56	helfer	2.030725208559798
56	jakobi	2.030725208559798
55	ungemein	5.030725208559798
55	fuß	5.030725208559798
55	unterricht	5.030725208559798
55	geschlecht	5.030725208559798
55	thilo	5.030725208559798
55	wünschten	4.030725208559798
55	hartmann	4.030725208559798
55	gebietet	4.030725208559798
55	vertrauens	4.030725208559798
55	mußten	3.030725208559798
55	betrübnis	3.030725208559798
55	weitläufig	3.030725208559798
55	übernahm	3.030725208559798
55	kügelchen	3.030725208559798
55	erbot	3.030725208559798
55	gelingen	2.030725208559798
55	begleitet	2.030725208559798
55	erlangen	2.030725208559798
55	engherzig	2.030725208559798
55	schimmert	2.030725208559798
55	zog	2.030725208559798
55	nächste	2.030725208559798
55	lästig	2.030725208559798
55	cotta'schen	2.030725208559798
55	ect	2.030725208559798
55	vergißt	2.030725208559798
55	veranlaßung	2.030725208559798
55	erwählten	2.030725208559798
55	unterbrechung	2.030725208559798
55	entschloß	2.030725208559798
55	tödlich	2.030725208559798
55	abgespannt	2.030725208559798
55	erneuerung	2.030725208559798
55	reellen	2.030725208559798
55	hefen	2.030725208559798
55	erbrochen	2.030725208559798
55	waldenburg	2.030725208559798
55	uneigennützige	2.030725208559798
55	bewachen	2.030725208559798
55	marianne	2.030725208559798
55	hamann	2.030725208559798
55	galerie	1.0307252085597984
55	hindernisse	1.0307252085597984
55	gegangen	1.0307252085597984
55	vortrefflichen	1.0307252085597984
55	heraus	1.0307252085597984
55	gebrauchen	1.0307252085597984
55	findet	1.0307252085597984
55	selten	1.0307252085597984
55	verschwiegen	1.0307252085597984
54	heine	74.0307252085598
54	auguste	58.0307252085598
54	herrn	40.0307252085598
54	kind	36.0307252085598
54	geliebtes	32.0307252085598
54	fl	31.0307252085598
54	mantel	27.0307252085598
54	lasse	22.0307252085598
54	kutscher	21.0307252085598
54	mädchen	19.0307252085598
54	liebes	16.030725208559797
54	schicke	15.0307252085598
54	würzburg	14.0307252085598
54	rahmen	14.0307252085598
54	xr	14.0307252085598
54	kur	14.0307252085598
54	post	12.0307252085598
54	geld	12.0307252085598
54	teures	12.0307252085598
54	herr	11.0307252085598
54	brauchst	11.0307252085598
54	wagen	11.0307252085598
54	notwendig	11.0307252085598
54	holen	10.0307252085598
54	durouf	10.0307252085598
54	hecht	10.0307252085598
54	wolle	9.0307252085598
54	reisen	9.0307252085598
54	bett	9.0307252085598
54	kiste	9.0307252085598
54	blonden	9.0307252085598
54	treuste	9.0307252085598
54	vergnügen	8.030725208559799
54	gottes	8.030725208559799
54	aufenthalt	8.030725208559799
54	monat	8.030725208559799
54	hemden	8.030725208559799
54	maschinen	8.030725208559799
54	ofen	7.030725208559798
54	haube	7.030725208559798
54	kälte	7.030725208559798
54	gewis	7.030725208559798
54	lb	7.030725208559798
54	ellen	7.030725208559798
54	ausgaben	7.030725208559798
54	jungfer	7.030725208559798
54	kaufen	6.030725208559798
54	liegen	6.030725208559798
54	manipulieren	6.030725208559798
54	bleiben	6.030725208559798
53	schwendler	13.0307252085598
53	carové	12.0307252085598
53	weimar	11.0307252085598
53	preußen	10.0307252085598
53	liebster	9.0307252085598
53	kunde	8.030725208559799
53	müller	7.030725208559798
53	gemahlin	6.030725208559798
53	teurer	6.030725208559798
53	vereinigung	4.030725208559798
53	erscheinungen	4.030725208559798
53	herzlichsten	4.030725208559798
53	anwesenheit	4.030725208559798
53	großfürstin	4.030725208559798
53	sachsen	4.030725208559798
53	namentlich	4.030725208559798
53	liebenstein	4.030725208559798
53	deutschlands	4.030725208559798
53	gesinnt	4.030725208559798
53	großherzogs	4.030725208559798
53	wiederkommen	4.030725208559798
53	schnepfenthal	4.030725208559798
53	großherzog	4.030725208559798
53	württemberg	4.030725208559798
53	kaiserin	4.030725208559798
53	freund	3.030725208559798
53	einwirken	3.030725208559798
53	öffentliche	3.030725208559798
53	neuesten	3.030725208559798
53	verehrten	3.030725208559798
53	fehde	3.030725208559798
53	gewaltig	3.030725208559798
53	äußerungen	3.030725208559798
53	königs	3.030725208559798
53	gelöst	3.030725208559798
53	philosophische	3.030725208559798
53	treusten	3.030725208559798
53	ausgesprochenen	3.030725208559798
53	vernommen	3.030725208559798
53	toren	3.030725208559798
53	unterworfen	3.030725208559798
53	politische	3.030725208559798
53	fries	3.030725208559798
53	karlsbad	3.030725208559798
53	töpfer	3.030725208559798
53	stände	3.030725208559798
53	vogts	3.030725208559798
53	schrift	2.030725208559798
53	wolle	2.030725208559798
53	gr	2.030725208559798
52	zeit	445.0307252085598
52	lassen	422.0307252085598
52	brief	305.0307252085598
52	schreiben	300.0307252085598
52	sagen	244.0307252085598
52	weiß	240.0307252085598
52	gewiß	238.0307252085598
52	frau	228.0307252085598
52	bitte	227.0307252085598
52	erhalten	220.0307252085598
52	glaube	207.0307252085598
52	nehmen	202.0307252085598
52	geben	202.0307252085598
52	geschrieben	193.0307252085598
52	finden	183.0307252085598
52	sehen	176.0307252085598
52	briefe	175.0307252085598
52	antwort	174.0307252085598
52	letzten	172.0307252085598
52	berlin	169.0307252085598
52	art	164.0307252085598
52	scheint	163.0307252085598
52	leben	159.0307252085598
52	freilich	156.0307252085598
52	freund	155.0307252085598
52	zwei	146.0307252085598
52	fall	142.0307252085598
52	bleiben	136.0307252085598
52	glauben	134.0307252085598
52	leipzig	130.0307252085598
52	bloß	129.0307252085598
52	wort	129.0307252085598
52	hoffe	118.0307252085598
52	hand	111.0307252085598
52	weimar	106.0307252085598
52	fast	105.0307252085598
52	gegeben	101.0307252085598
52	gelegenheit	100.0307252085598
52	erfahren	100.0307252085598
52	herrn	99.0307252085598
52	nämlich	99.0307252085598
52	eigentlich	99.0307252085598
52	gefallen	98.0307252085598
52	wünsche	97.0307252085598
52	menschen	96.0307252085598
52	wert	96.0307252085598
52	herr	96.0307252085598
52	jahr	96.0307252085598
52	getan	94.0307252085598
52	läßt	92.0307252085598
51	julius	6.030725208559798
51	gewaltig	5.030725208559798
51	bezeugen	4.030725208559798
51	heiteren	4.030725208559798
51	kreise	4.030725208559798
51	pate	4.030725208559798
51	äußeren	3.030725208559798
51	dorfe	3.030725208559798
51	pflichten	3.030725208559798
51	getröstet	3.030725208559798
51	wahrhaftig	3.030725208559798
51	herzensergießungen	3.030725208559798
51	verwechseln	3.030725208559798
51	gouvernante	2.030725208559798
51	anständige	2.030725208559798
51	wichtiger	2.030725208559798
51	kurzen	2.030725208559798
51	ausspruch	2.030725208559798
51	freundes	2.030725208559798
51	treibens	2.030725208559798
51	liebling	2.030725208559798
51	bedurft	2.030725208559798
51	schilderung	2.030725208559798
51	streit	2.030725208559798
51	wielands	2.030725208559798
51	vermutlich	2.030725208559798
51	loben	2.030725208559798
51	wenn_es	2.030725208559798
51	fliehen	2.030725208559798
51	mitgenuß	2.030725208559798
51	entfaltet	2.030725208559798
51	schnelles	2.030725208559798
51	untereinander	2.030725208559798
51	rosen	2.030725208559798
51	umschwebe	2.030725208559798
51	rüstigen	2.030725208559798
51	einklang	2.030725208559798
51	vollem	2.030725208559798
51	reiter	2.030725208559798
51	gewählten	2.030725208559798
51	liebevolles	2.030725208559798
51	anzugs	2.030725208559798
51	börschen	2.030725208559798
51	blumenstübchen	2.030725208559798
51	einfalles	2.030725208559798
51	vielfältigste	2.030725208559798
51	tags	1.0307252085597984
51	nächsten	1.0307252085597984
51	spät	1.0307252085597984
51	abzukürzen	1.0307252085597984
50	handlung	21.0307252085598
50	werke	20.0307252085598
50	reimer	18.0307252085598
50	herausgabe	15.0307252085598
50	hochwohlgeboren	14.0307252085598
50	selina	14.0307252085598
50	seligen	13.0307252085598
50	ew	13.0307252085598
50	absatz	13.0307252085598
50	verleger	12.0307252085598
50	verlag	12.0307252085598
50	auflage	11.0307252085598
50	jean	10.0307252085598
50	einzelnen	9.0307252085598
50	pauls	9.0307252085598
50	freundes	9.0307252085598
50	erklärung	9.0307252085598
50	max	8.030725208559799
50	verlangen	8.030725208559799
50	verewigten	8.030725208559799
50	schrift	7.030725208559798
50	mannes	7.030725208559798
50	richter	7.030725208559798
50	fragen	7.030725208559798
50	entschädigung	7.030725208559798
50	reimers	7.030725208559798
50	exemplare	7.030725208559798
50	nachdruck	7.030725208559798
50	otto	6.030725208559798
50	wertes	6.030725208559798
50	schriften	6.030725208559798
50	zukunft	6.030725208559798
50	cotta	6.030725208559798
50	sämtlichen	6.030725208559798
50	erscheinen	6.030725208559798
50	gesamtausgabe	6.030725208559798
50	kontrakt	6.030725208559798
50	einzelner	6.030725208559798
50	betrifft	5.030725208559798
50	umstände	5.030725208559798
50	ausgabe	5.030725208559798
50	früheren	5.030725208559798
50	schriftsteller	5.030725208559798
50	stehenden	5.030725208559798
50	bemerken	5.030725208559798
50	beantwortung	5.030725208559798
50	größer	5.030725208559798
50	beziehung	5.030725208559798
50	rechtlichen	5.030725208559798
50	vorhandenen	5.030725208559798
49	rezension	7.030725208559798
49	dargestellt	4.030725208559798
49	weiblichen	4.030725208559798
49	kunst	4.030725208559798
49	consequent	4.030725208559798
49	letzteren	3.030725208559798
49	schlechte	3.030725208559798
49	freundlichen	3.030725208559798
49	fach	3.030725208559798
49	getrieben	3.030725208559798
49	vergessen	3.030725208559798
49	nirgend	3.030725208559798
49	trivial	3.030725208559798
49	gesänge	3.030725208559798
49	dum	3.030725208559798
49	komischen	3.030725208559798
49	homburg	3.030725208559798
49	aniello	3.030725208559798
49	abreise	2.030725208559798
49	geistes	2.030725208559798
49	zeitung	2.030725208559798
49	einflößt	2.030725208559798
49	sammlung	2.030725208559798
49	ärgerlich	2.030725208559798
49	kalb	2.030725208559798
49	verkaufen	2.030725208559798
49	alarmierend	2.030725208559798
49	dreiste	2.030725208559798
49	verschmerzen	2.030725208559798
49	leibe	2.030725208559798
49	eingange	2.030725208559798
49	holden	2.030725208559798
49	behandeln	2.030725208559798
49	beikommend	2.030725208559798
49	politur	2.030725208559798
49	stufe	2.030725208559798
49	käufer	2.030725208559798
49	siehe	2.030725208559798
49	verborgen	2.030725208559798
49	darbieten	2.030725208559798
49	wirkungen	2.030725208559798
49	widrigen	2.030725208559798
49	selbstbeherrschung	2.030725208559798
49	unabhängigkeit	2.030725208559798
49	streiche	2.030725208559798
49	artige	2.030725208559798
49	erdulden	2.030725208559798
49	brette	2.030725208559798
49	ehen	2.030725208559798
49	gültig	2.030725208559798
48	emanuel	115.0307252085598
48	henriette	112.0307252085598
48	antonie	103.0307252085598
48	amanda	96.0307252085598
48	schwendler	76.0307252085598
48	freund	58.0307252085598
48	pauline	56.0307252085598
48	schwester	39.0307252085598
48	kind	38.0307252085598
48	sehen	34.0307252085598
48	richters	34.0307252085598
48	oh	34.0307252085598
48	bayreuth	29.0307252085598
48	leopold	28.0307252085598
48	meiningen	27.0307252085598
48	gruß	27.0307252085598
48	reinhold	27.0307252085598
48	reise	21.0307252085598
48	mutter	20.0307252085598
48	ließ	20.0307252085598
48	erziehung	20.0307252085598
48	caroline	19.0307252085598
48	mußte	19.0307252085598
48	gattin	18.0307252085598
48	bedarf	18.0307252085598
48	dennoch	17.030725208559797
48	freundin	17.030725208559797
48	gatten	17.030725208559797
48	unseren	17.030725208559797
48	gesundheit	17.030725208559797
48	grafen	17.030725208559797
48	hoffnung	16.030725208559797
48	richter	16.030725208559797
48	schukmann	16.030725208559797
48	sinn	16.030725208559797
48	sten	16.030725208559797
48	liebe	15.0307252085598
48	ihrige	15.0307252085598
48	schwager	15.0307252085598
48	unbeschreiblich	15.0307252085598
48	treue	15.0307252085598
48	ungeachtet	15.0307252085598
48	pestalozzi	15.0307252085598
48	wagner	15.0307252085598
48	heim	14.0307252085598
48	augenblicke	14.0307252085598
48	zeit	14.0307252085598
48	weise	14.0307252085598
48	richtern	14.0307252085598
48	worte	13.0307252085598
47	glückliche	5.030725208559798
47	vergleich	5.030725208559798
47	fortgehen	4.030725208559798
47	bedauert	4.030725208559798
47	verehrter	4.030725208559798
47	sohnes	4.030725208559798
47	verbindungen	4.030725208559798
47	lebhaftigkeit	4.030725208559798
47	verhältnisses	4.030725208559798
47	predigten	4.030725208559798
47	einfache	3.030725208559798
47	indiskret	3.030725208559798
47	befassen	3.030725208559798
47	jung	3.030725208559798
47	geb	3.030725208559798
47	wiederholt	3.030725208559798
47	ruf	3.030725208559798
47	veranlassung	3.030725208559798
47	unschuldiges	3.030725208559798
47	voriges	3.030725208559798
47	bürgschaft	3.030725208559798
47	supplik	3.030725208559798
47	unternehmen	2.030725208559798
47	absicht	2.030725208559798
47	erschienen	2.030725208559798
47	schenkte	2.030725208559798
47	mienchen	2.030725208559798
47	vergriffen	2.030725208559798
47	privilegi	2.030725208559798
47	ausgezeichnetesten	2.030725208559798
47	eingeleitet	2.030725208559798
47	vertrauensvoll	2.030725208559798
47	meinige	2.030725208559798
47	wende	2.030725208559798
47	brockhaus	2.030725208559798
47	anstrengung	2.030725208559798
47	ließe	2.030725208559798
47	herben	2.030725208559798
47	dankbarer	2.030725208559798
47	weben	2.030725208559798
47	gebäude	2.030725208559798
47	vorgestellt	2.030725208559798
47	richard	2.030725208559798
47	leugnen	2.030725208559798
47	hinzuzufügen	2.030725208559798
47	klarheit	2.030725208559798
47	verweisen	2.030725208559798
47	akten	2.030725208559798
47	berje	2.030725208559798
47	wichtigeren	2.030725208559798
46	rtl	15.0307252085598
46	kleid	11.0307252085598
46	ellen	11.0307252085598
46	tücher	8.030725208559799
46	winter	7.030725208559798
46	schwarzen	7.030725208559798
46	irre	7.030725208559798
46	gefiel	6.030725208559798
46	gray	6.030725208559798
46	kiste	5.030725208559798
46	stück	5.030725208559798
46	schal	5.030725208559798
46	samt	5.030725208559798
46	schnupftücher	5.030725208559798
46	seidenen	5.030725208559798
46	reichen	4.030725208559798
46	points	4.030725208559798
46	mad	4.030725208559798
46	elle	4.030725208559798
46	mayers	4.030725208559798
46	verkauft	4.030725208559798
46	englische	4.030725208559798
46	gr	3.030725208559798
46	hosen	3.030725208559798
46	gehandelt	3.030725208559798
46	gewißer	3.030725208559798
46	sechs	3.030725208559798
46	summe	3.030725208559798
46	jacke	3.030725208559798
46	gesandt	3.030725208559798
46	hübschen	3.030725208559798
46	tuch	3.030725208559798
46	atlas	3.030725208559798
46	gehörig	3.030725208559798
46	spenzer	3.030725208559798
46	schneider	3.030725208559798
46	braunen	3.030725208559798
46	flachs	3.030725208559798
46	gekauften	3.030725208559798
46	md	3.030725208559798
46	auktion	3.030725208559798
46	dicht	3.030725208559798
46	bomhardt	3.030725208559798
46	ema	3.030725208559798
46	verschobene	2.030725208559798
46	gekauft	2.030725208559798
46	geschmack	2.030725208559798
46	frühere	2.030725208559798
46	spielen	2.030725208559798
46	unmöglich	2.030725208559798
45	truchseß	45.0307252085598
45	voß	39.0307252085598
45	fouqué	24.0307252085598
45	heinrich	15.0307252085598
45	wangenheim	13.0307252085598
45	schüler	12.0307252085598
45	hörte	11.0307252085598
45	hören	10.0307252085598
45	bettenburg	10.0307252085598
45	shakespeare	9.0307252085598
45	sintram	9.0307252085598
45	gelesen	8.030725208559799
45	wallbruder	8.030725208559799
45	las	7.030725208559798
45	sohn	7.030725208559798
45	edler	7.030725208559798
45	treue	7.030725208559798
45	undine	7.030725208559798
45	münchen	6.030725208559798
45	drei	6.030725208559798
45	tod	6.030725208559798
45	gewaltig	6.030725208559798
45	schiller	6.030725208559798
45	rückert	6.030725208559798
45	fand	5.030725208559798
45	verfasser	5.030725208559798
45	lerchenfeld	5.030725208559798
45	götz	5.030725208559798
45	diktieren	5.030725208559798
45	getrunken	5.030725208559798
45	issel	5.030725208559798
45	fresenius	5.030725208559798
45	graf	4.030725208559798
45	erhältst	4.030725208559798
45	stillen	4.030725208559798
45	absendung	4.030725208559798
45	todes	4.030725208559798
45	zweitenmal	4.030725208559798
45	wehmut	4.030725208559798
45	ritter	4.030725208559798
45	gehör	4.030725208559798
45	grimm	4.030725208559798
45	lächeln	4.030725208559798
45	diktiere	4.030725208559798
45	heinrichs	4.030725208559798
45	rüstung	4.030725208559798
45	corona	4.030725208559798
45	abraham	4.030725208559798
45	bekommen	3.030725208559798
45	würdig	3.030725208559798
44	berlin	24.0307252085598
44	charlotte	20.0307252085598
44	herrn	17.030725208559797
44	tod	15.0307252085598
44	richter	14.0307252085598
44	madame	11.0307252085598
44	edda	10.0307252085598
44	franken	10.0307252085598
44	geiger	9.0307252085598
44	prinzessin	8.030725208559799
44	paul	8.030725208559799
44	frankfurt	8.030725208559799
44	jean	7.030725208559798
44	bamberg	7.030725208559798
44	bayreuth	6.030725208559798
44	bedarf	6.030725208559798
44	fichte	6.030725208559798
44	karoline	6.030725208559798
44	einsamkeit	6.030725208559798
44	bedeutend	6.030725208559798
44	bayern	6.030725208559798
44	stets	5.030725208559798
44	geb	5.030725208559798
44	kalb	5.030725208559798
44	jugend	5.030725208559798
44	präsident	5.030725208559798
44	vernommen	5.030725208559798
44	erwecken	5.030725208559798
44	wiedersehen	4.030725208559798
44	vorhaben	4.030725208559798
44	cousine	4.030725208559798
44	wittenberg	4.030725208559798
44	gemahl	4.030725208559798
44	bestreben	4.030725208559798
44	söhne	4.030725208559798
44	verwandte	4.030725208559798
44	lore	4.030725208559798
44	ehemals	4.030725208559798
44	legations-rätin	4.030725208559798
44	allerlei	4.030725208559798
44	ostheim	4.030725208559798
44	horntal	4.030725208559798
44	schrift	3.030725208559798
44	geistiges	3.030725208559798
44	gelingen	3.030725208559798
44	jahren	3.030725208559798
44	begebenheiten	3.030725208559798
44	auguste	3.030725208559798
44	blatt	3.030725208559798
44	überschickte	3.030725208559798
43	zwölf	10.0307252085598
43	majestät	8.030725208559799
43	erde	7.030725208559798
43	burschenschaft	7.030725208559798
43	ew	5.030725208559798
43	märz	5.030725208559798
43	sechs	5.030725208559798
43	landsmannschaften	5.030725208559798
43	zahl	4.030725208559798
43	schnee	4.030725208559798
43	regiertage	4.030725208559798
43	verruf	4.030725208559798
43	dreißig	3.030725208559798
43	damen	3.030725208559798
43	schneeberg	3.030725208559798
43	sonne	2.030725208559798
43	bürgen	2.030725208559798
43	lauter	2.030725208559798
43	hoffnungen	2.030725208559798
43	tanzt	2.030725208559798
43	februar	2.030725208559798
43	rad	2.030725208559798
43	partei	2.030725208559798
43	sprichwort	2.030725208559798
43	sophie	2.030725208559798
43	neugierde	2.030725208559798
43	ansieht	2.030725208559798
43	satire	2.030725208559798
43	bittschreiben	2.030725208559798
43	vollzähligkeit	2.030725208559798
43	it	2.030725208559798
43	anführt	2.030725208559798
43	nachbarn	2.030725208559798
43	fische	2.030725208559798
43	ballen	2.030725208559798
43	platner	2.030725208559798
43	leute	1.0307252085597984
43	zeitmaß	1.0307252085597984
43	schritt	1.0307252085597984
43	asche	1.0307252085597984
43	merkwürdig	1.0307252085597984
43	pauls	1.0307252085597984
43	zinsen	1.0307252085597984
43	kalte	1.0307252085597984
43	entstehen	1.0307252085597984
43	wahre	1.0307252085597984
43	zumal	1.0307252085597984
43	wiederholten	1.0307252085597984
43	unzufrieden	1.0307252085597984
43	kämpfe	1.0307252085597984
42	zeitung	53.0307252085598
42	welt	20.0307252085598
42	selber	18.0307252085598
42	blättern	15.0307252085598
42	hochwürden	14.0307252085598
42	redaktion	12.0307252085598
42	spaziere	11.0307252085598
42	art	10.0307252085598
42	aufsatz	10.0307252085598
42	elegante	10.0307252085598
42	zeitschrift	9.0307252085598
42	dieserhalb	9.0307252085598
42	angenehme	8.030725208559799
42	mitarbeiter	8.030725208559799
42	voss	8.030725208559799
42	überzeugung	8.030725208559799
42	unterdes	8.030725208559799
42	sofern	8.030725208559799
42	blatt	7.030725208559798
42	frei	7.030725208559798
42	künstler	7.030725208559798
42	redakteur	7.030725208559798
42	publikums	7.030725208559798
42	höheren	6.030725208559798
42	blatte	6.030725208559798
42	teurer	6.030725208559798
42	schlechten	6.030725208559798
42	ton	6.030725208559798
42	handlung	6.030725208559798
42	männern	6.030725208559798
42	insonderheit	6.030725208559798
42	merkur	6.030725208559798
42	herausgeber	6.030725208559798
42	eleganten	6.030725208559798
42	teile	5.030725208559798
42	rede	5.030725208559798
42	versteht	5.030725208559798
42	würdige	5.030725208559798
42	urteile	5.030725208559798
42	gewinn	5.030725208559798
42	teilnehmung	5.030725208559798
42	seither	5.030725208559798
42	härtel	5.030725208559798
42	ehemals	5.030725208559798
42	beweis	4.030725208559798
42	angenehmen	4.030725208559798
42	gehören	4.030725208559798
42	sowohl	4.030725208559798
42	wahren	4.030725208559798
42	br	4.030725208559798
41	tante	17.030725208559797
41	minona	12.0307252085598
41	richard	12.0307252085598
41	leipzig	9.0307252085598
41	schulze	7.030725208559798
41	hirsch	5.030725208559798
41	uthe	4.030725208559798
41	onkel	4.030725208559798
41	sonne	3.030725208559798
41	name	3.030725208559798
41	wesens	3.030725208559798
41	drückte	3.030725208559798
41	gesonnen	3.030725208559798
41	neffe	3.030725208559798
41	pilgrim	3.030725208559798
41	hering	3.030725208559798
41	schulze's	3.030725208559798
41	weiß	2.030725208559798
41	graf	2.030725208559798
41	streben	2.030725208559798
41	abeken	2.030725208559798
41	lich	2.030725208559798
41	bequemen	2.030725208559798
41	vorwärts	2.030725208559798
41	vorzug	2.030725208559798
41	innere	2.030725208559798
41	lauter	2.030725208559798
41	onkels	2.030725208559798
41	erbrach	2.030725208559798
41	talenten	2.030725208559798
41	ersehen	2.030725208559798
41	hingesetzt	2.030725208559798
41	auskommen	2.030725208559798
41	emm	2.030725208559798
41	droben	2.030725208559798
41	anzeiger	2.030725208559798
41	absatz	2.030725208559798
41	mißverstanden	2.030725208559798
41	empfängliche	2.030725208559798
41	eingetroffen	2.030725208559798
41	bescheidenen	2.030725208559798
41	direkt	2.030725208559798
41	usw	2.030725208559798
41	hehr	2.030725208559798
41	hegt	2.030725208559798
41	hiervon	2.030725208559798
41	frühlingsluft	2.030725208559798
41	student	2.030725208559798
41	scharfsinns	2.030725208559798
41	sorglich	2.030725208559798
40	ew	75.0307252085598
40	wohlgeb	63.0307252085598
40	brockhaus	32.0307252085598
40	spaziere	25.0307252085598
40	mayer	20.0307252085598
40	almanach	17.030725208559797
40	hartman	14.0307252085598
40	urania	14.0307252085598
40	friedrich	13.0307252085598
40	verleger	13.0307252085598
40	künstler	12.0307252085598
40	kupfer	12.0307252085598
40	ergebenste	11.0307252085598
40	jean	11.0307252085598
40	arbeit	11.0307252085598
40	paul	11.0307252085598
40	taschenbuch	11.0307252085598
40	minna	10.0307252085598
40	gebe	10.0307252085598
40	unternehmung	10.0307252085598
40	darstellungen	9.0307252085598
40	nächsten	8.030725208559799
40	luise	8.030725208559799
40	blätter	8.030725208559799
40	sechs	8.030725208559799
40	verlagshandlung	8.030725208559799
40	kupferstecher	8.030725208559799
40	novelle	8.030725208559799
40	wahlverwandtschaften	8.030725208559799
40	maler	7.030725208559798
40	melden	7.030725208559798
40	ostermesse	7.030725208559798
40	uthe	7.030725208559798
40	platten	7.030725208559798
40	almanachs	7.030725208559798
40	jahrgang	7.030725208559798
40	frauen	6.030725208559798
40	probe	6.030725208559798
40	s.w	6.030725208559798
40	platz	6.030725208559798
40	raum	6.030725208559798
40	gesinnung	6.030725208559798
40	auszusprechen	6.030725208559798
40	hartmann	6.030725208559798
40	industrie	6.030725208559798
40	erzählung	6.030725208559798
40	mskpt	6.030725208559798
40	ostsee	6.030725208559798
40	mskpts	6.030725208559798
40	brachmann	6.030725208559798
39	bild	25.0307252085598
39	anton	16.030725208559797
39	original	12.0307252085598
39	zeichnen	11.0307252085598
39	gemälde	11.0307252085598
39	malen	10.0307252085598
39	sehen	9.0307252085598
39	ritter	9.0307252085598
39	zeichnung	9.0307252085598
39	bilde	8.030725208559799
39	künstler	8.030725208559799
39	bildes	7.030725208559798
39	kopie	7.030725208559798
39	rücksicht	6.030725208559798
39	sitzen	6.030725208559798
39	husten	6.030725208559798
39	weiße	5.030725208559798
39	wagner	5.030725208559798
39	voß	5.030725208559798
39	gefällt	5.030725208559798
39	porträt	5.030725208559798
39	luxus	5.030725208559798
39	freilich	4.030725208559798
39	adieu	4.030725208559798
39	neuem	4.030725208559798
39	gewählt	4.030725208559798
39	brüdern	4.030725208559798
39	gutem	4.030725208559798
39	hübsche	4.030725208559798
39	adler	4.030725208559798
39	kreide	4.030725208559798
39	schwarze	4.030725208559798
39	schrecklichen	4.030725208559798
39	manuskripte	4.030725208559798
39	einsicht	3.030725208559798
39	fertig	3.030725208559798
39	nebst	3.030725208559798
39	schatten	3.030725208559798
39	maler	3.030725208559798
39	mitteilen	3.030725208559798
39	ähnlich	3.030725208559798
39	siehst	3.030725208559798
39	ähnlichkeit	3.030725208559798
39	fuß	3.030725208559798
39	leeren	3.030725208559798
39	landschaften	3.030725208559798
39	nahen	3.030725208559798
39	ehegestern	3.030725208559798
39	abgehen	3.030725208559798
39	zuge	3.030725208559798
38	freund	125.0307252085598
38	ewig	94.0307252085598
38	gott	52.0307252085598
38	jewagner	48.0307252085598
38	guten	46.0307252085598
38	bester	41.0307252085598
38	schönen	39.0307252085598
38	herzen	37.0307252085598
38	teurer	34.0307252085598
38	wagner	34.0307252085598
38	lieben	33.0307252085598
38	mensch	33.0307252085598
38	treuer	31.0307252085598
38	stets	31.0307252085598
38	schön	30.0307252085598
38	welt	30.0307252085598
38	zeilen	29.0307252085598
38	bitte	29.0307252085598
38	edlen	28.0307252085598
38	teuren	27.0307252085598
38	jungen	26.0307252085598
38	herrlichen	26.0307252085598
38	einst	25.0307252085598
38	cotta	24.0307252085598
38	bettenburg	24.0307252085598
38	herrn	23.0307252085598
38	kunst	23.0307252085598
38	herrlicher	22.0307252085598
38	verehrtester	22.0307252085598
38	te	22.0307252085598
38	allerbester	22.0307252085598
38	schöne	21.0307252085598
38	hoffen	21.0307252085598
38	herz	20.0307252085598
38	zwei	20.0307252085598
38	leider	20.0307252085598
38	wahrhaft	20.0307252085598
38	verehrter	20.0307252085598
38	goethe	20.0307252085598
38	wage	20.0307252085598
38	wahrlich	20.0307252085598
38	senden	20.0307252085598
38	hand	19.0307252085598
38	trefflichen	19.0307252085598
38	möge	19.0307252085598
38	tausend	19.0307252085598
38	truchseß	19.0307252085598
38	knaben	19.0307252085598
38	liebenstein	19.0307252085598
38	weimar	18.0307252085598
37	bier	20.0307252085598
37	otto	17.030725208559797
37	coburg	12.0307252085598
37	heim	11.0307252085598
37	herzog	9.0307252085598
37	rtl	9.0307252085598
37	emma	7.030725208559798
37	vorher	6.030725208559798
37	kinde	6.030725208559798
37	bayr	6.030725208559798
37	stube	5.030725208559798
37	bayreuth	5.030725208559798
37	titan	5.030725208559798
37	fas	5.030725208559798
37	einspänner	5.030725208559798
37	geistiges	4.030725208559798
37	empfange	4.030725208559798
37	ist_es	4.030725208559798
37	luise	4.030725208559798
37	kaffee	4.030725208559798
37	ich_es	4.030725208559798
37	etwan	4.030725208559798
37	titans	4.030725208559798
37	vorwürfe	4.030725208559798
37	paket	4.030725208559798
37	fracht	4.030725208559798
37	adio	4.030725208559798
37	schwarzach	3.030725208559798
37	mensch	3.030725208559798
37	emanuel	3.030725208559798
37	holen	3.030725208559798
37	stimmen	3.030725208559798
37	gevatter	3.030725208559798
37	rudolstadt	3.030725208559798
37	worin	3.030725208559798
37	schuldig	3.030725208559798
37	hofrätin	3.030725208559798
37	tiefsten	3.030725208559798
37	bogen	3.030725208559798
37	zart	3.030725208559798
37	physiognomie	3.030725208559798
37	künsberg	3.030725208559798
37	maier	3.030725208559798
37	rezept	3.030725208559798
37	stärker	3.030725208559798
37	apropos	3.030725208559798
37	bout	3.030725208559798
37	eimer	3.030725208559798
37	bedeutet	3.030725208559798
37	et	3.030725208559798
36	lieben	146.0307252085598
36	sohn	62.0307252085598
36	heidelberg	53.0307252085598
36	freude	30.0307252085598
36	freundin	28.0307252085598
36	jean	27.0307252085598
36	fr	23.0307252085598
36	baireuth	22.0307252085598
36	mannes	22.0307252085598
36	frau	21.0307252085598
36	gräfin	19.0307252085598
36	dresden	19.0307252085598
36	längst	18.0307252085598
36	sogleich	18.0307252085598
36	paul	18.0307252085598
36	schwarz	18.0307252085598
36	gelegenheit	17.030725208559797
36	lob	17.030725208559797
36	max	16.030725208559797
36	empfiehlt	15.0307252085598
36	allerseits	15.0307252085598
36	bekanntschaft	14.0307252085598
36	voss	14.0307252085598
36	brief	13.0307252085598
36	münchen	13.0307252085598
36	teure	13.0307252085598
36	besuche	13.0307252085598
36	auf's	13.0307252085598
36	herzlich	12.0307252085598
36	personen	12.0307252085598
36	töchter	12.0307252085598
36	gesehen	12.0307252085598
36	gesinnungen	12.0307252085598
36	herzogin	12.0307252085598
36	andenken	12.0307252085598
36	mehrere	11.0307252085598
36	nebst	11.0307252085598
36	höchst	11.0307252085598
36	bekannten	11.0307252085598
36	vitzthum	11.0307252085598
36	kurland	11.0307252085598
36	ihrige	10.0307252085598
36	paar	10.0307252085598
36	teilnahme	10.0307252085598
36	ausdruck	10.0307252085598
36	befinden	10.0307252085598
36	erinnerung	10.0307252085598
36	gedenke	10.0307252085598
36	gemahl	10.0307252085598
36	löbichau	10.0307252085598
35	zimmer	25.0307252085598
35	uhr	19.0307252085598
35	ordentlich	9.0307252085598
35	abends	8.030725208559799
35	nachmittags	8.030725208559799
35	essen	8.030725208559799
35	bette	8.030725208559799
35	männer	7.030725208559798
35	tische	7.030725208559798
35	übel	6.030725208559798
35	weiber	6.030725208559798
35	ludwig	6.030725208559798
35	wein	6.030725208559798
35	schlief	6.030725208559798
35	zuweilen	5.030725208559798
35	sitzen	5.030725208559798
35	teile	4.030725208559798
35	gedankt	4.030725208559798
35	setzen	4.030725208559798
35	schauen	4.030725208559798
35	tisch	4.030725208559798
35	milch	4.030725208559798
35	zerstreut	4.030725208559798
35	stock	4.030725208559798
35	still	4.030725208559798
35	gärten	4.030725208559798
35	schläft	4.030725208559798
35	wohnzimmer	4.030725208559798
35	liegend	4.030725208559798
35	laut	4.030725208559798
35	treppe	4.030725208559798
35	herauf	4.030725208559798
35	trinkt	4.030725208559798
35	erbitte	3.030725208559798
35	fanden	3.030725208559798
35	arbeite	3.030725208559798
35	fenster	3.030725208559798
35	gerne	3.030725208559798
35	willen	3.030725208559798
35	sammlung	3.030725208559798
35	himmels	3.030725208559798
35	aufsicht	3.030725208559798
35	schnell	3.030725208559798
35	versetzen	3.030725208559798
35	linken	3.030725208559798
35	streiten	3.030725208559798
35	ohnedies	3.030725208559798
35	schlafe	3.030725208559798
35	schleier	3.030725208559798
35	nachts	3.030725208559798
34	gäste	7.030725208559798
34	folgenden	6.030725208559798
34	pferd	6.030725208559798
34	rindfleisch	6.030725208559798
34	paul	5.030725208559798
34	fr	4.030725208559798
34	willens	4.030725208559798
34	hofrat	4.030725208559798
34	gesellschaft	4.030725208559798
34	gereist	4.030725208559798
34	plötzlich	4.030725208559798
34	reiste	4.030725208559798
34	drückte	4.030725208559798
34	magnetiseur	4.030725208559798
34	portion	4.030725208559798
34	wirt	3.030725208559798
34	ähnlicher	3.030725208559798
34	ruft	3.030725208559798
34	lief	3.030725208559798
34	befand	3.030725208559798
34	ertrag	3.030725208559798
34	freuend	3.030725208559798
34	erinnert	3.030725208559798
34	wein	3.030725208559798
34	knieberg	3.030725208559798
34	schlingen	3.030725208559798
34	bauer	3.030725208559798
34	hinunter	3.030725208559798
34	wirkliche	3.030725208559798
34	westphal	3.030725208559798
34	pröbsten	3.030725208559798
34	sinne	2.030725208559798
34	versprochenen	2.030725208559798
34	gebildet	2.030725208559798
34	nimmt	2.030725208559798
34	worten	2.030725208559798
34	jean	2.030725208559798
34	pauls	2.030725208559798
34	sonne	2.030725208559798
34	ließ	2.030725208559798
34	warm	2.030725208559798
34	halle	2.030725208559798
34	professor	2.030725208559798
34	säße	2.030725208559798
34	erziehung	2.030725208559798
34	kutscher	2.030725208559798
34	geistreiche	2.030725208559798
34	folgt	2.030725208559798
34	einlage	2.030725208559798
34	billet	2.030725208559798
33	liebe	727.0307252085598
33	brief	552.0307252085598
33	freude	514.0307252085598
33	sagen	388.0307252085598
33	lieben	377.0307252085598
33	gott	371.0307252085598
33	tage	366.0307252085598
33	caroline	350.0307252085598
33	reise	344.0307252085598
33	sehen	329.0307252085598
33	zeit	284.0307252085598
33	glücklich	278.0307252085598
33	leben	257.0307252085598
33	tag	253.0307252085598
33	briefe	250.0307252085598
33	gewiß	233.0307252085598
33	menschen	226.0307252085598
33	frau	225.0307252085598
33	geben	216.0307252085598
33	emanuel	210.0307252085598
33	weiß	199.0307252085598
33	guten	199.0307252085598
33	lassen	191.0307252085598
33	seele	189.0307252085598
33	mutter	184.0307252085598
33	denken	176.0307252085598
33	herz	173.0307252085598
33	hause	170.0307252085598
33	schreiben	165.0307252085598
33	schöne	158.0307252085598
33	tagen	157.0307252085598
33	richter	153.0307252085598
33	gestern	146.0307252085598
33	schönen	146.0307252085598
33	herzlich	146.0307252085598
33	kinder	146.0307252085598
33	wünsche	145.0307252085598
33	lieb	144.0307252085598
33	himmel	141.0307252085598
33	freunde	136.0307252085598
33	schwester	129.0307252085598
33	stunden	128.0307252085598
33	freundin	126.0307252085598
33	worte	121.0307252085598
33	unendlich	121.0307252085598
33	schön	119.0307252085598
33	tochter	119.0307252085598
33	sommer	114.0307252085598
33	fast	113.0307252085598
33	denke	110.0307252085598
32	entschuldigt	5.030725208559798
32	dolch	5.030725208559798
32	herder	4.030725208559798
32	gotha	4.030725208559798
32	irrtum	3.030725208559798
32	schuldig	3.030725208559798
32	dorthin	3.030725208559798
32	vergänglichkeit	3.030725208559798
32	undankbar	3.030725208559798
32	gemalt	3.030725208559798
32	verletzt	3.030725208559798
32	nötiger	3.030725208559798
32	widerrufen	3.030725208559798
32	augenblick	2.030725208559798
32	sogar	2.030725208559798
32	gleichwohl	2.030725208559798
32	kleinere	2.030725208559798
32	ziffern	2.030725208559798
32	billet	2.030725208559798
32	untertanen	2.030725208559798
32	nachgeschickt	2.030725208559798
32	wißen	2.030725208559798
32	kassel	2.030725208559798
32	neuigkeiten	2.030725208559798
32	verweigert	2.030725208559798
32	staat	2.030725208559798
32	aß	2.030725208559798
32	schmied	2.030725208559798
32	schmid's	2.030725208559798
32	rohheit	2.030725208559798
32	flügeln	2.030725208559798
32	gewicht	2.030725208559798
32	gewissenhaftigkeit	2.030725208559798
32	billetts	2.030725208559798
32	verdienste	2.030725208559798
32	tor	2.030725208559798
32	anhang	2.030725208559798
32	überbringen	2.030725208559798
32	vorkommenden	2.030725208559798
32	dürftest	2.030725208559798
32	selbstständigkeit	2.030725208559798
32	genialität	2.030725208559798
32	unmutige	2.030725208559798
32	eßtisch	2.030725208559798
32	treueren	2.030725208559798
32	zweifelte	2.030725208559798
32	gewissensangst	2.030725208559798
32	lpz	2.030725208559798
32	herzen	1.0307252085597984
32	zusammenkunft	1.0307252085597984
31	türk	11.0307252085598
31	traube	6.030725208559798
31	anstalt	5.030725208559798
31	deutschland	5.030725208559798
31	zöglinge	5.030725208559798
31	anstalten	4.030725208559798
31	bayreuther	4.030725208559798
31	heiter	3.030725208559798
31	bremen	3.030725208559798
31	keimen	3.030725208559798
31	früchte	3.030725208559798
31	elemente	3.030725208559798
31	julie	3.030725208559798
31	x-x	3.030725208559798
31	amanden	3.030725208559798
31	küstrin	3.030725208559798
31	zucht	3.030725208559798
31	anzugeben	2.030725208559798
31	gebildet	2.030725208559798
31	gemälde	2.030725208559798
31	fremder	2.030725208559798
31	männliche	2.030725208559798
31	boden	2.030725208559798
31	eltern	2.030725208559798
31	mut	2.030725208559798
31	verfehlen	2.030725208559798
31	untergehen	2.030725208559798
31	ladet	2.030725208559798
31	dato	2.030725208559798
31	erwerbe	2.030725208559798
31	kunst	2.030725208559798
31	vielseitig	2.030725208559798
31	besänftigt	2.030725208559798
31	schülern	2.030725208559798
31	schmeichler	2.030725208559798
31	lasten	2.030725208559798
31	see	2.030725208559798
31	genötigt	2.030725208559798
31	mon	2.030725208559798
31	bewacht	2.030725208559798
31	makel	2.030725208559798
31	bewunderer	2.030725208559798
31	gehörigem	2.030725208559798
31	hebräisch	2.030725208559798
31	apollo	2.030725208559798
31	zögling	2.030725208559798
31	redliches	2.030725208559798
31	ungerechten	2.030725208559798
31	feindlich	2.030725208559798
31	kabinetssecretair	2.030725208559798
30	vater	95.0307252085598
30	mutter	65.0307252085598
30	heidelberg	46.0307252085598
30	voss	40.0307252085598
30	menschen	38.0307252085598
30	paulus	23.0307252085598
30	geliebte	22.0307252085598
30	universität	22.0307252085598
30	otto	21.0307252085598
30	schwestern	19.0307252085598
30	münchen	17.030725208559797
30	geliebter	16.030725208559797
30	lebt	15.0307252085598
30	diesmal	15.0307252085598
30	max	14.0307252085598
30	voß	14.0307252085598
30	studenten	14.0307252085598
30	jahr	13.0307252085598
30	schelling	13.0307252085598
30	fl	13.0307252085598
30	sohn	12.0307252085598
30	vaters	12.0307252085598
30	feuerbach	12.0307252085598
30	mensch	11.0307252085598
30	junge	11.0307252085598
30	odilie	11.0307252085598
30	baireut	11.0307252085598
30	sprechen	11.0307252085598
30	heidelberger	11.0307252085598
30	carové	11.0307252085598
30	briefchen	10.0307252085598
30	leute	9.0307252085598
30	henne	9.0307252085598
30	rechnung	8.030725208559799
30	genießen	8.030725208559799
30	bonn	8.030725208559799
30	wissenschaft	8.030725208559799
30	merke	8.030725208559799
30	collegia	8.030725208559799
30	familie	7.030725208559798
30	erlangen	7.030725208559798
30	jüngling	7.030725208559798
30	wartet	7.030725208559798
30	neckar	7.030725208559798
30	fehler	7.030725208559798
30	miedel	7.030725208559798
30	schätzen	6.030725208559798
30	größte	6.030725208559798
30	suchen	6.030725208559798
30	blättchen	6.030725208559798
29	ewr	51.0307252085598
29	gnädige	19.0307252085598
29	verehrung	16.030725208559797
29	exzellenz	15.0307252085598
29	frau	14.0307252085598
29	gnaden	14.0307252085598
29	jewagner	14.0307252085598
29	hochfreiherrliche	14.0307252085598
29	verzeihung	12.0307252085598
29	untertänig	9.0307252085598
29	diener	9.0307252085598
29	gnädiger	8.030725208559799
29	kabinettssekretär	8.030725208559799
29	füßen	6.030725208559798
29	befindlichen	6.030725208559798
29	fräulein	6.030725208559798
29	hzgl	6.030725208559798
29	großfürstin	5.030725208559798
29	gnädigen	5.030725208559798
29	möglichst	5.030725208559798
29	gehorsamstverbleibender	5.030725208559798
29	dortigen	4.030725208559798
29	gedanken	4.030725208559798
29	anliegend	4.030725208559798
29	andenken	4.030725208559798
29	verehrte	4.030725208559798
29	hochfreiherrlichen	4.030725208559798
29	hochfreiherrlicher	4.030725208559798
29	gnädig	4.030725208559798
29	rührung	3.030725208559798
29	band	3.030725208559798
29	hoheit	3.030725208559798
29	künftigen	3.030725208559798
29	vorzutragen	3.030725208559798
29	genius	3.030725208559798
29	weihen	3.030725208559798
29	kaiserlichen	3.030725208559798
29	gnädiges	3.030725208559798
29	werkchen	3.030725208559798
29	untertänigen	3.030725208559798
29	untertäniger	3.030725208559798
29	kunstfreundlichen	3.030725208559798
29	roman	3.030725208559798
29	aufenthalte	3.030725208559798
29	entschiedensten	3.030725208559798
29	adressen	3.030725208559798
29	wahrer	2.030725208559798
29	indessen	2.030725208559798
29	poesie	2.030725208559798
29	schönes	2.030725208559798
28	jean	10.0307252085598
28	paul	10.0307252085598
28	voß	10.0307252085598
28	griesbach	8.030725208559799
28	schwarz	6.030725208559798
28	bemerkungen	6.030725208559798
28	mitunter	6.030725208559798
28	wunder	6.030725208559798
28	correggio	6.030725208559798
28	etc	5.030725208559798
28	evangelisten	5.030725208559798
28	vieles	4.030725208559798
28	jesu	4.030725208559798
28	erzählt	4.030725208559798
28	wagners	4.030725208559798
28	wagner	4.030725208559798
28	mitbringen	4.030725208559798
28	jugend	4.030725208559798
28	urteile	4.030725208559798
28	morgens	4.030725208559798
28	erzählung	4.030725208559798
28	wasser	4.030725208559798
28	wagnern	4.030725208559798
28	griesbachs	4.030725208559798
28	dichtung	3.030725208559798
28	setzte	3.030725208559798
28	mitten	3.030725208559798
28	schöneren	3.030725208559798
28	klassischen	3.030725208559798
28	blickt	3.030725208559798
28	erleuchtet	3.030725208559798
28	hochschätze	3.030725208559798
28	leser	3.030725208559798
28	jesus	3.030725208559798
28	shakespeare	3.030725208559798
28	akte	3.030725208559798
28	göz	3.030725208559798
28	ordentlicher	3.030725208559798
28	heilkraft	3.030725208559798
28	unrecht	2.030725208559798
28	pauls	2.030725208559798
28	geburtstag	2.030725208559798
28	ferne	2.030725208559798
28	träumen	2.030725208559798
28	glaubst	2.030725208559798
28	langeweile	2.030725208559798
28	müßte	2.030725208559798
28	erheben	2.030725208559798
28	erzähler	2.030725208559798
28	gesehnt	2.030725208559798
27	ton	10.0307252085598
27	heinrich	7.030725208559798
27	vernunft	7.030725208559798
27	spricht	6.030725208559798
27	aufgabe	5.030725208559798
27	trotz	4.030725208559798
27	vernünftige	4.030725208559798
27	klassisch	4.030725208559798
27	correggio	4.030725208559798
27	bekanntlich	3.030725208559798
27	weggehen	3.030725208559798
27	angegeben	3.030725208559798
27	raum	3.030725208559798
27	kalten	3.030725208559798
27	isidora	3.030725208559798
27	philosophischen	3.030725208559798
27	menschlicher	3.030725208559798
27	gewissens	3.030725208559798
27	feiert	3.030725208559798
27	stehende	3.030725208559798
27	anzog	3.030725208559798
27	behr	3.030725208559798
27	schön	2.030725208559798
27	stunde	2.030725208559798
27	eindruck	2.030725208559798
27	jahrbüchern	2.030725208559798
27	alte	2.030725208559798
27	argen	2.030725208559798
27	buben	2.030725208559798
27	wackere	2.030725208559798
27	mangelt	2.030725208559798
27	gerate	2.030725208559798
27	stockung	2.030725208559798
27	könitz	2.030725208559798
27	cob	2.030725208559798
27	teufel	2.030725208559798
27	erklärung	2.030725208559798
27	zahlen	2.030725208559798
27	ideale	2.030725208559798
27	dumme	2.030725208559798
27	wangenheim	2.030725208559798
27	realisiert	2.030725208559798
27	drückende	2.030725208559798
27	hervorbringt	2.030725208559798
27	tötende	2.030725208559798
27	carové	2.030725208559798
27	unwahr	2.030725208559798
27	auffand	2.030725208559798
27	produzieren	2.030725208559798
27	verteidigung	2.030725208559798
26	sch	5.030725208559798
26	halb	4.030725208559798
26	friedens	4.030725208559798
26	lügen	4.030725208559798
26	sander	4.030725208559798
26	jungen	3.030725208559798
26	kurze	3.030725208559798
26	unterricht	3.030725208559798
26	gewaltigen	3.030725208559798
26	dunklen	3.030725208559798
26	rahel	3.030725208559798
26	klang	3.030725208559798
26	lektionen	3.030725208559798
26	eßen	3.030725208559798
26	schuhmacher	3.030725208559798
26	wienerinen	3.030725208559798
26	heiteren	2.030725208559798
26	dreifach	2.030725208559798
26	vorbei	2.030725208559798
26	ausspreche	2.030725208559798
26	eskeles	2.030725208559798
26	leistet	2.030725208559798
26	fließen	2.030725208559798
26	gefehlt	2.030725208559798
26	klassen	2.030725208559798
26	lebendigen	2.030725208559798
26	gebäude	2.030725208559798
26	minder	2.030725208559798
26	ehrerbietung	2.030725208559798
26	vorhalten	2.030725208559798
26	nebel	2.030725208559798
26	tötet	2.030725208559798
26	gebrauche	2.030725208559798
26	organisiertes	2.030725208559798
26	niederen	2.030725208559798
26	sahst	2.030725208559798
26	langenbielau	2.030725208559798
26	entgegentritt	2.030725208559798
26	frohberg	2.030725208559798
26	lercaro	2.030725208559798
26	lenkaro	2.030725208559798
26	kurzer	2.030725208559798
26	unverwelklichen	2.030725208559798
26	gebaut	2.030725208559798
26	pohl	2.030725208559798
26	hinführen	2.030725208559798
26	trauernde	2.030725208559798
26	auferstehn	2.030725208559798
26	franzbrunnen	2.030725208559798
26	würdigen	1.0307252085597984
25	krankheit	24.0307252085598
25	schmerzen	15.0307252085598
25	herr	12.0307252085598
25	vater	10.0307252085598
25	wagner	10.0307252085598
25	fieber	9.0307252085598
25	blieb	8.030725208559799
25	empfehlen	8.030725208559799
25	jahn	8.030725208559799
25	genesung	7.030725208559798
25	glaubt	7.030725208559798
25	kranken	6.030725208559798
25	gang	6.030725208559798
25	unglücklicher	6.030725208559798
25	herzlichste	6.030725208559798
25	beinen	6.030725208559798
25	erscheinungen	5.030725208559798
25	truchseß	5.030725208559798
25	wunden	5.030725208559798
25	carl	5.030725208559798
25	anton	5.030725208559798
25	vorzüglich	4.030725208559798
25	tausend	4.030725208559798
25	ärzte	4.030725208559798
25	wege	4.030725208559798
25	berichten	4.030725208559798
25	stieg	4.030725208559798
25	unterlag	4.030725208559798
25	wirkte	4.030725208559798
25	luisens	4.030725208559798
25	kettlich	4.030725208559798
25	rührendsten	4.030725208559798
25	wunde	4.030725208559798
25	dämmrungen	4.030725208559798
25	nacht	3.030725208559798
25	wären	3.030725208559798
25	stimme	3.030725208559798
25	vorlesen	3.030725208559798
25	stube	3.030725208559798
25	melden	3.030725208559798
25	bessert	3.030725208559798
25	frühling	3.030725208559798
25	legen	3.030725208559798
25	gelähmt	3.030725208559798
25	ausrichten	3.030725208559798
25	behandelt	3.030725208559798
25	ruhte	3.030725208559798
25	saß	3.030725208559798
25	mehreres	3.030725208559798
25	herbste	3.030725208559798
24	vater	408.0307252085598
24	minna	144.0307252085598
24	geliebter	119.0307252085598
24	liebster	90.0307252085598
24	teurer	72.0307252085598
24	berlin	55.0307252085598
24	letzten	46.0307252085598
24	leben	46.0307252085598
24	ernestine	46.0307252085598
24	mannes	42.0307252085598
24	caroline	33.0307252085598
24	leipzig	31.0307252085598
24	wesen	30.0307252085598
24	unendlich	30.0307252085598
24	tochter	29.0307252085598
24	bester	29.0307252085598
24	ewig	28.0307252085598
24	schreiben	27.0307252085598
24	lage	27.0307252085598
24	treue	26.0307252085598
24	brief	24.0307252085598
24	henriette	23.0307252085598
24	post	22.0307252085598
24	schreibe	21.0307252085598
24	erfüllung	21.0307252085598
24	briefes	21.0307252085598
24	treuste	21.0307252085598
24	notwendig	20.0307252085598
24	krankheit	19.0307252085598
24	teuerster	19.0307252085598
24	eimal	18.0307252085598
24	unaussprechlich	17.030725208559797
24	glauben	16.030725208559797
24	glück	16.030725208559797
24	tante	15.0307252085598
24	briefe	15.0307252085598
24	reisen	15.0307252085598
24	unruhe	15.0307252085598
24	spaziere	15.0307252085598
24	eigentlich	15.0307252085598
24	merzdorf	15.0307252085598
24	vergeben	15.0307252085598
24	liebste	14.0307252085598
24	wochen	14.0307252085598
24	unbedeutend	14.0307252085598
24	mahlmann	13.0307252085598
24	eindruck	13.0307252085598
24	manne	13.0307252085598
24	verbindung	13.0307252085598
24	spaziers	13.0307252085598
23	bitte	153.0307252085598
23	herr	137.0307252085598
23	herrn	120.0307252085598
23	wohlgeboren	108.0307252085598
23	hochachtung	56.0307252085598
23	wünsche	46.0307252085598
23	spaziere	45.0307252085598
23	ew	44.0307252085598
23	vergnügen	40.0307252085598
23	bitten	39.0307252085598
23	güte	34.0307252085598
23	ehre	33.0307252085598
23	wunsch	32.0307252085598
23	ergebenster	32.0307252085598
23	publikum	30.0307252085598
23	beiträge	30.0307252085598
23	honorar	30.0307252085598
23	empfehlen	28.0307252085598
23	bedingungen	28.0307252085598
23	namen	28.0307252085598
23	gütig	28.0307252085598
23	exemplar	26.0307252085598
23	versicherung	26.0307252085598
23	finden	25.0307252085598
23	achtung	25.0307252085598
23	schicksal	25.0307252085598
23	übersenden	25.0307252085598
23	gütige	25.0307252085598
23	lassen	24.0307252085598
23	gütigst	23.0307252085598
23	schönen	22.0307252085598
23	erhalten	22.0307252085598
23	freunde	22.0307252085598
23	gütigen	22.0307252085598
23	herren	22.0307252085598
23	geben	21.0307252085598
23	sogleich	20.0307252085598
23	teilnahme	20.0307252085598
23	bekanntschaft	20.0307252085598
23	gefälligkeit	20.0307252085598
23	dürfte	19.0307252085598
23	werke	19.0307252085598
23	verzeihen	19.0307252085598
23	übernehmen	19.0307252085598
23	titel	19.0307252085598
23	aufmerksamkeit	19.0307252085598
23	blätter	19.0307252085598
23	falle	19.0307252085598
23	abdruck	19.0307252085598
23	innigsten	18.0307252085598
22	minna	37.0307252085598
22	hofrätin	18.0307252085598
22	schicksal	15.0307252085598
22	brockhaus	13.0307252085598
22	ludwig	11.0307252085598
22	vertrauen	10.0307252085598
22	altenburg	10.0307252085598
22	weise	9.0307252085598
22	weib	8.030725208559799
22	verhältnis	8.030725208559799
22	spricht	8.030725208559799
22	welch	7.030725208559798
22	benehmen	7.030725208559798
22	madame	7.030725208559798
22	edel	6.030725208559798
22	beinahe	6.030725208559798
22	amsterdam	6.030725208559798
22	minna's	6.030725208559798
22	edle	5.030725208559798
22	freunden	5.030725208559798
22	getrennt	5.030725208559798
22	gesellschaft	5.030725208559798
22	entscheidung	5.030725208559798
22	fürs	4.030725208559798
22	verbindung	4.030725208559798
22	grunde	4.030725208559798
22	verstand	4.030725208559798
22	moralisch	4.030725208559798
22	neigung	4.030725208559798
22	ursachen	4.030725208559798
22	widerfahren	4.030725208559798
22	gegenseitige	4.030725208559798
22	bürgerlich	4.030725208559798
22	ordnen	4.030725208559798
22	verwirrung	4.030725208559798
22	verkennung	4.030725208559798
22	gerettet	4.030725208559798
22	aufschlüsse	4.030725208559798
22	überzeugt	3.030725208559798
22	ausspruch	3.030725208559798
22	sicher	3.030725208559798
22	worin	3.030725208559798
22	mitglieder	3.030725208559798
22	ruhige	3.030725208559798
22	gänzliche	3.030725208559798
22	ausgesprochene	3.030725208559798
22	werfe	3.030725208559798
22	einfluß	3.030725208559798
22	energie	3.030725208559798
22	ausgesprochen	3.030725208559798
21	vorzüglich	6.030725208559798
21	onkel	5.030725208559798
21	schätze	4.030725208559798
21	monaten	3.030725208559798
21	herzlichste	3.030725208559798
21	lieblichen	3.030725208559798
21	laage	3.030725208559798
21	täler	3.030725208559798
21	vergeblich	3.030725208559798
21	fernen	3.030725208559798
21	basel	3.030725208559798
21	ufern	3.030725208559798
21	zürich	3.030725208559798
21	see	3.030725208559798
21	ergriff	2.030725208559798
21	fort	2.030725208559798
21	sucht	2.030725208559798
21	braun	2.030725208559798
21	karlsruhe	2.030725208559798
21	stündchen	2.030725208559798
21	deutschland	2.030725208559798
21	frühlingmäßig	2.030725208559798
21	hofdame	2.030725208559798
21	institut	2.030725208559798
21	menschenkenntnis	2.030725208559798
21	hinbringen	2.030725208559798
21	entlang	2.030725208559798
21	sanfte	2.030725208559798
21	weilten	2.030725208559798
21	durchleben	2.030725208559798
21	darbietet	2.030725208559798
21	grünenden	2.030725208559798
21	wärt	2.030725208559798
21	einsamen	2.030725208559798
21	verfasser	2.030725208559798
21	monde	2.030725208559798
21	bemerkt	2.030725208559798
21	dulderin	2.030725208559798
21	erteilt	2.030725208559798
21	wunderbar	2.030725208559798
21	baden	2.030725208559798
21	geendigter	2.030725208559798
21	harmes	2.030725208559798
21	villa	2.030725208559798
21	rosalie	2.030725208559798
21	ziegesar	2.030725208559798
21	leier	2.030725208559798
21	ehestand	2.030725208559798
21	neumann	2.030725208559798
21	mannigfaltigkeit	2.030725208559798
20	mensch	14.0307252085598
20	bild	14.0307252085598
20	religion	12.0307252085598
20	natur	11.0307252085598
20	leib	10.0307252085598
20	göttlichen	9.0307252085598
20	wagner	9.0307252085598
20	selber	8.030725208559799
20	göttliche	8.030725208559799
20	künstler	8.030725208559799
20	innere	7.030725208559798
20	bilde	6.030725208559798
20	setzt	6.030725208559798
20	knaben	6.030725208559798
20	erscheint	6.030725208559798
20	sinnlichkeit	6.030725208559798
20	sinnliche	6.030725208559798
20	darstellung	6.030725208559798
20	anschauung	6.030725208559798
20	religiösen	6.030725208559798
20	gesehen	5.030725208559798
20	idee	5.030725208559798
20	truchseß	5.030725208559798
20	wahren	5.030725208559798
20	religiöse	5.030725208559798
20	gewißheit	5.030725208559798
20	form	5.030725208559798
20	wißen	5.030725208559798
20	vernunft	5.030725208559798
20	gebärde	5.030725208559798
20	zeigen	4.030725208559798
20	weise	4.030725208559798
20	genießen	4.030725208559798
20	folgt	4.030725208559798
20	göttlich	4.030725208559798
20	handeln	4.030725208559798
20	werner	4.030725208559798
20	nämliche	4.030725208559798
20	trennt	4.030725208559798
20	mystik	4.030725208559798
20	insofern	4.030725208559798
20	ursprünglich	4.030725208559798
20	kultus	4.030725208559798
20	schönheit	3.030725208559798
20	bettenburger	3.030725208559798
20	bedeutung	3.030725208559798
20	blumen	3.030725208559798
20	volk	3.030725208559798
20	notwendig	3.030725208559798
20	ähnlichkeit	3.030725208559798
19	emanuel	57.0307252085598
19	richter	22.0307252085598
19	caroline	13.0307252085598
19	thieriot	12.0307252085598
19	adieu	11.0307252085598
19	goldschmied	10.0307252085598
19	bier	10.0307252085598
19	wangenheim	10.0307252085598
19	tine	9.0307252085598
19	uhlfelder	9.0307252085598
19	coburg	9.0307252085598
19	richters	8.030725208559799
19	müsste	7.030725208559798
19	freitag	6.030725208559798
19	wirtshaus	6.030725208559798
19	otto's	6.030725208559798
19	vergleichen	5.030725208559798
19	vergeben	5.030725208559798
19	erfreue	5.030725208559798
19	sitze	5.030725208559798
19	leeren	5.030725208559798
19	anbieten	5.030725208559798
19	witz	5.030725208559798
19	koffer	5.030725208559798
19	mensch	4.030725208559798
19	freundlich	4.030725208559798
19	sanft	4.030725208559798
19	hinein	4.030725208559798
19	fein	4.030725208559798
19	täte	4.030725208559798
19	unbedeutenden	4.030725208559798
19	endigen	4.030725208559798
19	sündlich	4.030725208559798
19	eigennützig	4.030725208559798
19	beifall	4.030725208559798
19	klug	4.030725208559798
19	visite	4.030725208559798
19	ernsthaft	4.030725208559798
19	verteidigen	4.030725208559798
19	garten	3.030725208559798
19	schätzen	3.030725208559798
19	grüßen	3.030725208559798
19	selber	3.030725208559798
19	selige	3.030725208559798
19	vergangenheit	3.030725208559798
19	blätter	3.030725208559798
19	schreibtisch	3.030725208559798
19	geschichte	3.030725208559798
19	wäsche	3.030725208559798
19	folgt	3.030725208559798
18	könig	18.0307252085598
18	königin	15.0307252085598
18	teuerste	10.0307252085598
18	schlichtegroll	8.030725208559799
18	oper	5.030725208559798
18	thiersch	5.030725208559798
18	königs	5.030725208559798
18	stimmen	4.030725208559798
18	gegrüßt	4.030725208559798
18	vat	4.030725208559798
18	solms	4.030725208559798
18	heidelberg	3.030725208559798
18	charakter	3.030725208559798
18	s.w	3.030725208559798
18	sende	3.030725208559798
18	erstere	3.030725208559798
18	münchner	3.030725208559798
18	forte	3.030725208559798
18	piano	3.030725208559798
18	spielen	3.030725208559798
18	italienische	3.030725208559798
18	otilia	3.030725208559798
18	rückweg	3.030725208559798
18	valr	3.030725208559798
18	spiele	3.030725208559798
18	sömmering	3.030725208559798
18	diensten	3.030725208559798
18	jungen	2.030725208559798
18	prinzessinnen	2.030725208559798
18	gefällig	2.030725208559798
18	tee	2.030725208559798
18	fenster	2.030725208559798
18	erwärmen	2.030725208559798
18	seht	2.030725208559798
18	starenberg	2.030725208559798
18	einzeln	2.030725208559798
18	wohltat	2.030725208559798
18	mittagessen	2.030725208559798
18	rührendste	2.030725208559798
18	red	2.030725208559798
18	noten	2.030725208559798
18	lebst	2.030725208559798
18	eimal	2.030725208559798
18	akademie	2.030725208559798
18	heiligkeit	2.030725208559798
18	alpen	2.030725208559798
18	wiederholen	2.030725208559798
18	einladungen	2.030725208559798
18	yelin	2.030725208559798
18	manns	2.030725208559798
17	rth	25.0307252085598
17	messe	23.0307252085598
17	band	22.0307252085598
17	bogen	20.0307252085598
17	maler	19.0307252085598
17	exemplare	19.0307252085598
17	msc	19.0307252085598
17	verleger	17.030725208559797
17	hanisch	15.0307252085598
17	willibald	14.0307252085598
17	freund	13.0307252085598
17	reisen	13.0307252085598
17	auflage	13.0307252085598
17	pp	12.0307252085598
17	frauen	11.0307252085598
17	freunde	10.0307252085598
17	bitten	10.0307252085598
17	ewr	10.0307252085598
17	wünschte	9.0307252085598
17	gedruckt	9.0307252085598
17	jewagner	9.0307252085598
17	büchlein	9.0307252085598
17	willibalds	9.0307252085598
17	fertig	8.030725208559799
17	ostermesse	8.030725208559799
17	falls	8.030725208559799
17	zweiten	8.030725208559799
17	gotha	8.030725208559799
17	bände	8.030725208559799
17	leipzig	7.030725208559798
17	edler	7.030725208559798
17	verlag	7.030725208559798
17	reisenden	7.030725208559798
17	nochmals	6.030725208559798
17	hierbei	6.030725208559798
17	romane	6.030725208559798
17	lieferung	6.030725208559798
17	druck	6.030725208559798
17	anfange	6.030725208559798
17	absatz	6.030725208559798
17	hildburghausen	6.030725208559798
17	kontrakt	6.030725208559798
17	korrektur	6.030725208559798
17	roman	6.030725208559798
17	bandes	6.030725208559798
17	kunstgespräch	6.030725208559798
17	akkord	6.030725208559798
17	zahlung	5.030725208559798
17	übrigen	5.030725208559798
17	besorgt	5.030725208559798
16	vater	344.0307252085598
16	mutter	221.0307252085598
16	emma	205.0307252085598
16	schreibe	136.0307252085598
16	brief	121.0307252085598
16	max	116.0307252085598
16	odilie	113.0307252085598
16	lebe	105.0307252085598
16	schreiben	94.0307252085598
16	gestern	83.0307252085598
16	grüße	83.0307252085598
16	geliebte	76.0307252085598
16	vaters	73.0307252085598
16	welden	70.0307252085598
16	sage	66.0307252085598
16	guten	65.0307252085598
16	kind	65.0307252085598
16	weißt	64.0307252085598
16	luise	57.0307252085598
16	gott	54.0307252085598
16	denke	53.0307252085598
16	uhr	47.0307252085598
16	gesund	46.0307252085598
16	schön	45.0307252085598
16	weldens	44.0307252085598
16	freude	43.0307252085598
16	sachen	43.0307252085598
16	abend	42.0307252085598
16	geschrieben	40.0307252085598
16	glaube	38.0307252085598
16	denken	38.0307252085598
16	mußte	38.0307252085598
16	schicke	37.0307252085598
16	schicken	37.0307252085598
16	marie	37.0307252085598
16	sohn	33.0307252085598
16	arbeiten	33.0307252085598
16	reizenstein	32.0307252085598
16	schreibst	32.0307252085598
16	bekommen	31.0307252085598
16	woche	31.0307252085598
16	freue	31.0307252085598
16	mädchen	31.0307252085598
16	essen	31.0307252085598
16	briefe	30.0307252085598
16	würdest	30.0307252085598
16	münchen	29.0307252085598
16	sonntag	29.0307252085598
16	treue	29.0307252085598
16	kaffee	29.0307252085598
15	denkt	5.030725208559798
15	winke	5.030725208559798
15	verdienst	5.030725208559798
15	vorzüge	4.030725208559798
15	manch	4.030725208559798
15	lebet	4.030725208559798
15	verschönern	4.030725208559798
15	holz	4.030725208559798
15	vereinigen	3.030725208559798
15	loge	3.030725208559798
15	neu	3.030725208559798
15	bewerkstelligen	3.030725208559798
15	erwähnte	3.030725208559798
15	umschließt	3.030725208559798
15	besitzen	3.030725208559798
15	zärtlichsten	3.030725208559798
15	gelde	3.030725208559798
15	bitterlich	3.030725208559798
15	marienbad	3.030725208559798
15	häusern	3.030725208559798
15	verehrteste	3.030725208559798
15	gelaß	3.030725208559798
15	doppelt	2.030725208559798
15	geliebter	2.030725208559798
15	wozu	2.030725208559798
15	gatten	2.030725208559798
15	fördern	2.030725208559798
15	rückkehr	2.030725208559798
15	kämpfen	2.030725208559798
15	liste	2.030725208559798
15	verbindung	2.030725208559798
15	inniger	2.030725208559798
15	ankam	2.030725208559798
15	ersehnte	2.030725208559798
15	gehoben	2.030725208559798
15	besaß	2.030725208559798
15	mußte	2.030725208559798
15	abhielt	2.030725208559798
15	friedrichschen	2.030725208559798
15	scheitern	2.030725208559798
15	rührendste	2.030725208559798
15	kleinem	2.030725208559798
15	gegenliebe	2.030725208559798
15	lichter	2.030725208559798
15	starr	2.030725208559798
15	schreite	2.030725208559798
15	enthalte	2.030725208559798
15	beschieden	2.030725208559798
15	kleidungsstücken	2.030725208559798
15	blau	2.030725208559798
14	mund	8.030725208559799
14	gedanken	7.030725208559798
14	förster	6.030725208559798
14	phantasie	5.030725208559798
14	drängt	5.030725208559798
14	perle	4.030725208559798
14	allgemein	3.030725208559798
14	köstlicher	3.030725208559798
14	ärgerlich	3.030725208559798
14	eitelkeit	3.030725208559798
14	schöpfungen	3.030725208559798
14	träne	3.030725208559798
14	bäume	3.030725208559798
14	nase	3.030725208559798
14	vergleich	3.030725208559798
14	konradsreuth	3.030725208559798
14	grüne	3.030725208559798
14	compresse	3.030725208559798
14	tut	2.030725208559798
14	mitteilung	2.030725208559798
14	genüge	2.030725208559798
14	natur	2.030725208559798
14	mißtrauen	2.030725208559798
14	wirt	2.030725208559798
14	gerissen	2.030725208559798
14	hungrige	2.030725208559798
14	auftreten	2.030725208559798
14	küche	2.030725208559798
14	heißen	2.030725208559798
14	bösen	2.030725208559798
14	fülle	2.030725208559798
14	beziehung	2.030725208559798
14	gemachte	2.030725208559798
14	genie	2.030725208559798
14	abendsonne	2.030725208559798
14	duft	2.030725208559798
14	ärgert	2.030725208559798
14	einfällt	2.030725208559798
14	gefrees	2.030725208559798
14	zusammenhäng	2.030725208559798
14	wüste	2.030725208559798
14	vergebe	2.030725208559798
14	geschenkte	2.030725208559798
14	unbefangen	2.030725208559798
14	hinreichender	2.030725208559798
14	männlichen	2.030725208559798
14	entzückende	2.030725208559798
14	scheren	2.030725208559798
14	gleichgültig	2.030725208559798
14	eingebürgert	2.030725208559798
13	müller	14.0307252085598
13	könitz	13.0307252085598
13	wagner	11.0307252085598
13	wagners	10.0307252085598
13	stellen	9.0307252085598
13	hervor	6.030725208559798
13	fast	6.030725208559798
13	truchsess	6.030725208559798
13	brachte	4.030725208559798
13	ließ	4.030725208559798
13	louise	4.030725208559798
13	kanzler	4.030725208559798
13	zeither	3.030725208559798
13	keßler	3.030725208559798
13	reichtum	3.030725208559798
13	überzeugung	3.030725208559798
13	auffordern	3.030725208559798
13	neusten	3.030725208559798
13	heben	3.030725208559798
13	reiße	3.030725208559798
13	müllers	3.030725208559798
13	lotte	3.030725208559798
13	hahnstein	3.030725208559798
13	vierling	3.030725208559798
13	hinneigen	3.030725208559798
13	blieb	2.030725208559798
13	reine	2.030725208559798
13	uhr	2.030725208559798
13	würzburg	2.030725208559798
13	ohr	2.030725208559798
13	überhören	2.030725208559798
13	vertraut	2.030725208559798
13	lähmung	2.030725208559798
13	abgewichenen	2.030725208559798
13	diener	2.030725208559798
13	ausmalen	2.030725208559798
13	gefahr	2.030725208559798
13	rückweg	2.030725208559798
13	anlagen	2.030725208559798
13	mitunter	2.030725208559798
13	nachlaß	2.030725208559798
13	studnitz	2.030725208559798
13	eilte	2.030725208559798
13	abzulegen	2.030725208559798
13	scene	2.030725208559798
13	einwirkung	2.030725208559798
13	wiedergenesung	2.030725208559798
13	aufgezeichnet	2.030725208559798
13	wund	2.030725208559798
13	diktierte	2.030725208559798
12	halb	6.030725208559798
12	platz	5.030725208559798
12	einert	5.030725208559798
12	dorfe	4.030725208559798
12	schauspieler	4.030725208559798
12	sich_es	4.030725208559798
12	gefühl	3.030725208559798
12	draußen	3.030725208559798
12	spielen	3.030725208559798
12	saßen	3.030725208559798
12	amalie	3.030725208559798
12	feld	3.030725208559798
12	mitten	3.030725208559798
12	zehn	3.030725208559798
12	lebendiges	3.030725208559798
12	vorschrift	3.030725208559798
12	burgermeister	3.030725208559798
12	mitteilbar	3.030725208559798
12	feldhuhn	3.030725208559798
12	brachten	2.030725208559798
12	aufgesetzt	2.030725208559798
12	fühlen	2.030725208559798
12	pächter	2.030725208559798
12	hunde	2.030725208559798
12	reden	2.030725208559798
12	scharf	2.030725208559798
12	späße	2.030725208559798
12	hinterdrein	2.030725208559798
12	minette	2.030725208559798
12	setzten	2.030725208559798
12	lina	2.030725208559798
12	getrost	2.030725208559798
12	aufladen	2.030725208559798
12	leuten	2.030725208559798
12	schwiegersohn	2.030725208559798
12	begeisterung	2.030725208559798
12	geholt	2.030725208559798
12	büßen	2.030725208559798
12	etlichen	2.030725208559798
12	geiselbrecht	2.030725208559798
12	lärm	2.030725208559798
12	bauer	2.030725208559798
12	unten	2.030725208559798
12	galgen	2.030725208559798
12	hingegangen	2.030725208559798
12	selben	2.030725208559798
12	freundlicheres	2.030725208559798
12	abgewiesen	2.030725208559798
12	moor	2.030725208559798
12	amtmann	2.030725208559798
11	wachsen	6.030725208559798
11	ausgenommen	5.030725208559798
11	schönheit	4.030725208559798
11	dichtung	4.030725208559798
11	stets	4.030725208559798
11	geschichte	4.030725208559798
11	wirkt	4.030725208559798
11	spaziergang	4.030725208559798
11	höheren	3.030725208559798
11	prof	3.030725208559798
11	vielmehr	3.030725208559798
11	süßes	3.030725208559798
11	lust	3.030725208559798
11	tröstete	3.030725208559798
11	winkel	3.030725208559798
11	vorwand	3.030725208559798
11	heiratet	3.030725208559798
11	aufrichten	3.030725208559798
11	heloise	3.030725208559798
11	bewahrt	2.030725208559798
11	männer	2.030725208559798
11	ansprechen	2.030725208559798
11	fenster	2.030725208559798
11	zeitung	2.030725208559798
11	rein	2.030725208559798
11	besitz	2.030725208559798
11	schreckt	2.030725208559798
11	üppigen	2.030725208559798
11	plastik	2.030725208559798
11	werken	2.030725208559798
11	kämpfte	2.030725208559798
11	delphine	2.030725208559798
11	mahnen	2.030725208559798
11	erbitten	2.030725208559798
11	versuchte	2.030725208559798
11	lucrece	2.030725208559798
11	prosaische	2.030725208559798
11	töten	2.030725208559798
11	schloß	2.030725208559798
11	regenbogen	2.030725208559798
11	fliegt	2.030725208559798
11	schwalbe	2.030725208559798
11	erquickt	2.030725208559798
11	vergangener	2.030725208559798
11	eigenschaft	2.030725208559798
11	keller	2.030725208559798
11	herde	2.030725208559798
11	innerstes	2.030725208559798
11	gelehrte	2.030725208559798
11	meinetwegen	2.030725208559798
10	angeht	5.030725208559798
10	korn	4.030725208559798
10	löwe	4.030725208559798
10	günstige	4.030725208559798
10	son	4.030725208559798
10	besetzt	4.030725208559798
10	bequemen	3.030725208559798
10	führt	3.030725208559798
10	überall	3.030725208559798
10	herrlichste	3.030725208559798
10	ergötzt	3.030725208559798
10	ernte	3.030725208559798
10	hrn	3.030725208559798
10	fügen	3.030725208559798
10	rosen	3.030725208559798
10	wiener	3.030725208559798
10	wohnungen	3.030725208559798
10	geistiges	2.030725208559798
10	walten	2.030725208559798
10	la	2.030725208559798
10	wohlwollens	2.030725208559798
10	zuverlässig	2.030725208559798
10	welden	2.030725208559798
10	klarer	2.030725208559798
10	römischen	2.030725208559798
10	fülle	2.030725208559798
10	schenkt	2.030725208559798
10	dutzend	2.030725208559798
10	fortdauernd	2.030725208559798
10	gemeinsamen	2.030725208559798
10	inres	2.030725208559798
10	ehemaligen	2.030725208559798
10	forelle	2.030725208559798
10	lila	2.030725208559798
10	kongreß	2.030725208559798
10	unterbrechen	2.030725208559798
10	übergibt	2.030725208559798
10	fühlet	2.030725208559798
10	entschuldigungsgrund	2.030725208559798
10	unbedeutendes	2.030725208559798
10	excellence	2.030725208559798
10	baronne	2.030725208559798
10	element	2.030725208559798
10	gespielt	2.030725208559798
10	südliche	2.030725208559798
10	gebühret	2.030725208559798
10	wahrnehme	2.030725208559798
10	orten	2.030725208559798
10	erschreckt	2.030725208559798
10	inne	2.030725208559798
9	spaziere	61.0307252085598
9	zeitung	60.0307252085598
9	falk	56.0307252085598
9	mahlmann	44.0307252085598
9	freund	35.0307252085598
9	lassen	33.0307252085598
9	liebster	32.0307252085598
9	blatt	28.0307252085598
9	sagen	25.0307252085598
9	goethe	21.0307252085598
9	teurer	20.0307252085598
9	schütz	18.0307252085598
9	voß	16.030725208559797
9	theater	15.0307252085598
9	lieb	14.0307252085598
9	namen	14.0307252085598
9	schiller	14.0307252085598
9	idee	13.0307252085598
9	merkel	13.0307252085598
9	selber	13.0307252085598
9	lust	13.0307252085598
9	herzlich	12.0307252085598
9	paar	12.0307252085598
9	minna	12.0307252085598
9	wilmans	12.0307252085598
9	unterdes	12.0307252085598
9	aufsatz	11.0307252085598
9	jahr	11.0307252085598
9	sp	11.0307252085598
9	läßt	10.0307252085598
9	anzeige	10.0307252085598
9	eleg	10.0307252085598
9	lesen	10.0307252085598
9	etc	10.0307252085598
9	gefaßt	10.0307252085598
9	wieland	10.0307252085598
9	abdrucken	10.0307252085598
9	freimütigen	10.0307252085598
9	übel	9.0307252085598
9	nächstens	8.030725208559799
9	gesehen	8.030725208559799
9	adieu	8.030725208559799
9	ergebenster	8.030725208559799
9	prinzessin	8.030725208559799
9	publikum	8.030725208559799
9	wink	8.030725208559799
9	almanach	8.030725208559799
9	beiträge	8.030725208559799
9	teufel	8.030725208559799
9	kotzebue	8.030725208559799
8	thiersch	10.0307252085598
8	philol	6.030725208559798
8	stunden	5.030725208559798
8	lehrer	5.030725208559798
8	prof	4.030725208559798
8	teuerster	4.030725208559798
8	klassiker	4.030725208559798
8	st	4.030725208559798
8	las	3.030725208559798
8	buch	3.030725208559798
8	literatur	3.030725208559798
8	enthält	3.030725208559798
8	te	3.030725208559798
8	aufsätze	3.030725208559798
8	schüler	3.030725208559798
8	tacitus	3.030725208559798
8	weiler	3.030725208559798
8	hrr	3.030725208559798
8	psychologie	3.030725208559798
8	sem	3.030725208559798
8	pindar	3.030725208559798
8	glauben	2.030725208559798
8	pr	2.030725208559798
8	höheren	2.030725208559798
8	hielt	2.030725208559798
8	heften	2.030725208559798
8	zuhörer	2.030725208559798
8	worauf	2.030725208559798
8	karl	2.030725208559798
8	unfall	2.030725208559798
8	lager	2.030725208559798
8	philosophische	2.030725208559798
8	bearbeitet	2.030725208559798
8	weilers	2.030725208559798
8	semester	2.030725208559798
8	kritik	2.030725208559798
8	philosophie	2.030725208559798
8	fragte	2.030725208559798
8	brieftasche	2.030725208559798
8	gymnasium	2.030725208559798
8	philologie	2.030725208559798
8	sophokles	2.030725208559798
8	konkurs	2.030725208559798
8	vermissen	2.030725208559798
8	freiwillige	2.030725208559798
8	mathematik	2.030725208559798
8	joseph	2.030725208559798
8	eigenem	2.030725208559798
8	entwurf	2.030725208559798
8	wöchentlich	2.030725208559798
7	liebe	343.0307252085598
7	leben	291.0307252085598
7	herz	249.0307252085598
7	kinder	248.0307252085598
7	gott	191.0307252085598
7	herzen	171.0307252085598
7	menschen	160.0307252085598
7	seele	153.0307252085598
7	freundin	138.0307252085598
7	freunde	121.0307252085598
7	kindern	119.0307252085598
7	lebens	118.0307252085598
7	wesen	117.0307252085598
7	gefühl	116.0307252085598
7	glück	116.0307252085598
7	welt	103.0307252085598
7	sagen	101.0307252085598
7	schicksal	97.0307252085598
7	gemüt	95.0307252085598
7	ruhe	92.0307252085598
7	mutter	91.0307252085598
7	geist	90.0307252085598
7	vater	86.0307252085598
7	erde	78.0307252085598
7	mensch	74.0307252085598
7	schmerz	74.0307252085598
7	tod	71.0307252085598
7	innig	70.0307252085598
7	wert	69.0307252085598
7	kraft	69.0307252085598
7	vaters	68.0307252085598
7	edlen	68.0307252085598
7	ewig	67.0307252085598
7	freundschaft	67.0307252085598
7	seite	67.0307252085598
7	trost	67.0307252085598
7	glücklich	62.0307252085598
7	armen	60.0307252085598
7	geliebten	59.0307252085598
7	verlust	59.0307252085598
7	einst	59.0307252085598
7	herrliche	57.0307252085598
7	tochter	56.0307252085598
7	arme	56.0307252085598
7	mannes	56.0307252085598
7	treue	55.0307252085598
7	tief	55.0307252085598
7	herzens	54.0307252085598
7	familie	52.0307252085598
7	geliebte	52.0307252085598
6	jean	52.0307252085598
6	paul	32.0307252085598
6	frau	27.0307252085598
6	pauls	21.0307252085598
6	richter	20.0307252085598
6	schriften	20.0307252085598
6	majestät	19.0307252085598
6	werke	18.0307252085598
6	seligen	16.030725208559797
6	familie	15.0307252085598
6	edle	14.0307252085598
6	witwe	14.0307252085598
6	gatten	13.0307252085598
6	mayer	12.0307252085598
6	mannes	10.0307252085598
6	recke	10.0307252085598
6	verlust	10.0307252085598
6	kaiser	10.0307252085598
6	menschheit	10.0307252085598
6	geborene	9.0307252085598
6	doktor	9.0307252085598
6	legationsrätin	9.0307252085598
6	dichter	9.0307252085598
6	zweifeln	8.030725208559799
6	teure	8.030725208559799
6	kaiserlichen	8.030725208559799
6	unsterblichen	8.030725208559799
6	hochverehrte	8.030725208559799
6	privilegien	8.030725208559799
6	privilegium	8.030725208559799
6	nichte	8.030725208559799
6	tiedge	7.030725208559798
6	geistes	7.030725208559798
6	ausgabe	7.030725208559798
6	förster	7.030725208559798
6	hohen	7.030725208559798
6	sämtlichen	7.030725208559798
6	erfolg	7.030725208559798
6	deutschen	7.030725208559798
6	verewigten	7.030725208559798
6	fürsten	6.030725208559798
6	könig	6.030725208559798
6	gattin	6.030725208559798
6	baggesen	6.030725208559798
6	biographie	6.030725208559798
6	teuren	6.030725208559798
6	bemühungen	6.030725208559798
6	gesinnung	6.030725208559798
6	österreich	6.030725208559798
6	bayern	6.030725208559798
5	car	124.0307252085598
5	menschen	114.0307252085598
5	gerne	51.0307252085598
5	gesund	49.0307252085598
5	lieben	44.0307252085598
5	od	42.0307252085598
5	jette	40.0307252085598
5	bruder	39.0307252085598
5	sehen	38.0307252085598
5	ulf	37.0307252085598
5	sagen	37.0307252085598
5	üb	35.0307252085598
5	guten	34.0307252085598
5	grüßen	33.0307252085598
5	berlin	32.0307252085598
5	meinigen	31.0307252085598
5	geschrieben	28.0307252085598
5	rein	25.0307252085598
5	antw	24.0307252085598
5	thieriot	24.0307252085598
5	jahren	23.0307252085598
5	uhlfelder	23.0307252085598
5	mir_es	22.0307252085598
5	alten	22.0307252085598
5	eher	22.0307252085598
5	richters	22.0307252085598
5	freunde	22.0307252085598
5	caroline	21.0307252085598
5	schweigen	21.0307252085598
5	nehmen	20.0307252085598
5	weib	20.0307252085598
5	mensch	20.0307252085598
5	bisweilen	20.0307252085598
5	juden	20.0307252085598
5	bekommen	19.0307252085598
5	mutter	19.0307252085598
5	gesehen	19.0307252085598
5	israel	19.0307252085598
5	brf	19.0307252085598
5	herzlich	18.0307252085598
5	verlassen	18.0307252085598
5	bleiben	18.0307252085598
5	namen	18.0307252085598
5	welt	17.030725208559797
5	sie_es	17.030725208559797
5	stets	17.030725208559797
5	jahr	17.030725208559797
5	armen	16.030725208559797
5	glauben	16.030725208559797
5	schreiben	16.030725208559797
4	bade	18.0307252085598
4	neustadt	15.0307252085598
4	bad	15.0307252085598
4	lähmung	13.0307252085598
4	berlin	10.0307252085598
4	jahren	9.0307252085598
4	übel	9.0307252085598
4	pflaster	9.0307252085598
4	ältesten	8.030725208559799
4	ottilie	8.030725208559799
4	freienwalde	8.030725208559799
4	gerlach	8.030725208559799
4	wunde	8.030725208559799
4	bedienten	7.030725208559798
4	potsdam	7.030725208559798
4	hilfe	6.030725208559798
4	körperlichen	6.030725208559798
4	jahr	6.030725208559798
4	kur	6.030725208559798
4	amts	6.030725208559798
4	völlige	5.030725208559798
4	bewegung	5.030725208559798
4	stein	5.030725208559798
4	präsidenten	5.030725208559798
4	abgehen	5.030725208559798
4	bäder	5.030725208559798
4	anlaß	5.030725208559798
4	bades	5.030725208559798
4	gefühl	4.030725208559798
4	quartier	4.030725208559798
4	stube	4.030725208559798
4	ärzte	4.030725208559798
4	jetzige	4.030725208559798
4	bedeuten	4.030725208559798
4	desjenigen	4.030725208559798
4	fortdauernd	4.030725208559798
4	rechne	4.030725208559798
4	minchen	4.030725208559798
4	gicht	4.030725208559798
4	droschken	4.030725208559798
4	junis	4.030725208559798
4	letztes	4.030725208559798
4	verbrennen	4.030725208559798
4	apotheke	4.030725208559798
4	papiere	3.030725208559798
4	zerstreuung	3.030725208559798
4	geistigen	3.030725208559798
4	völlig	3.030725208559798
4	quellen	3.030725208559798
4	hiesiger	3.030725208559798
3	mannheim	6.030725208559798
3	kamen	5.030725208559798
3	herrn	5.030725208559798
3	augsburg	5.030725208559798
3	fleißiger	4.030725208559798
3	kräften	4.030725208559798
3	xr	4.030725208559798
3	benda	4.030725208559798
3	böttiger	4.030725208559798
3	grausamkeit	4.030725208559798
3	art	3.030725208559798
3	übersetzung	3.030725208559798
3	küsse	3.030725208559798
3	größe	3.030725208559798
3	rektor	3.030725208559798
3	schnepel	3.030725208559798
3	heiliges	3.030725208559798
3	postskript	3.030725208559798
3	möglicher	3.030725208559798
3	verschenken	3.030725208559798
3	klasse	3.030725208559798
3	entdeckung	3.030725208559798
3	hohes	2.030725208559798
3	sogar	2.030725208559798
3	wichtiger	2.030725208559798
3	entschuldigt	2.030725208559798
3	jour	2.030725208559798
3	streben	2.030725208559798
3	bieder	2.030725208559798
3	jean	2.030725208559798
3	paul	2.030725208559798
3	reinbek	2.030725208559798
3	öffnung	2.030725208559798
3	frei	2.030725208559798
3	sept	2.030725208559798
3	untergehen	2.030725208559798
3	muster	2.030725208559798
3	urteilen	2.030725208559798
3	figuren	2.030725208559798
3	herzensgüte	2.030725208559798
3	mütterlich	2.030725208559798
3	beleidigt	2.030725208559798
3	nähte	2.030725208559798
3	salzburg	2.030725208559798
3	kirchen	2.030725208559798
3	theaters	2.030725208559798
3	direktor	2.030725208559798
3	vossen	2.030725208559798
3	fixlein	2.030725208559798
3	gegebenes	2.030725208559798
2	aufsatz	19.0307252085598
2	georgius	11.0307252085598
2	bl	9.0307252085598
2	otto	8.030725208559799
2	aufsatzes	7.030725208559798
2	baireuth	6.030725208559798
2	aufgenommen	6.030725208559798
2	exemplare	6.030725208559798
2	maj	6.030725208559798
2	nov	5.030725208559798
2	aufsätze	5.030725208559798
2	zurücksendung	5.030725208559798
2	rühle	5.030725208559798
2	oppos	5.030725208559798
2	bogen	4.030725208559798
2	beziehung	4.030725208559798
2	adresse	4.030725208559798
2	okt	4.030725208559798
2	abdrucks	4.030725208559798
2	bändchen	3.030725208559798
2	frage	3.030725208559798
2	verhältnisse	3.030725208559798
2	jung	3.030725208559798
2	befriedigt	3.030725208559798
2	mai	3.030725208559798
2	herausgeber	3.030725208559798
2	betrachtungen	3.030725208559798
2	bewilliget	3.030725208559798
2	badenschen	3.030725208559798
2	absichten	2.030725208559798
2	ungeachtet	2.030725208559798
2	fahrenden	2.030725208559798
2	märz	2.030725208559798
2	annehmen	2.030725208559798
2	abgedruckten	2.030725208559798
2	stilling	2.030725208559798
2	gemachte	2.030725208559798
2	erwähnte	2.030725208559798
2	engagement	2.030725208559798
2	insel	2.030725208559798
2	angetroffen	2.030725208559798
2	nemesis	2.030725208559798
2	französischen	2.030725208559798
2	beziehen	2.030725208559798
2	betrag	2.030725208559798
2	honorars	2.030725208559798
2	erbetenen	2.030725208559798
2	see	2.030725208559798
2	einsenden	2.030725208559798
2	schleunige	2.030725208559798
1	rth	215.0307252085598
1	herrn	140.0307252085598
1	frau	138.0307252085598
1	kinder	137.0307252085598
1	mayer	131.0307252085598
1	minna	128.0307252085598
1	caroline	106.0307252085598
1	vater	98.0307252085598
1	liebe	92.0307252085598
1	treuer	79.0307252085598
1	erhalten	78.0307252085598
1	brief	73.0307252085598
1	herr	73.0307252085598
1	gold	69.0307252085598
1	zinsen	61.0307252085598
1	julius	60.0307252085598
1	grüße	59.0307252085598
1	ber	58.0307252085598
1	grüßt	53.0307252085598
1	lebe	48.0307252085598
1	mannes	47.0307252085598
1	küße	47.0307252085598
1	pension	41.0307252085598
1	herzlich	37.0307252085598
1	kurant	37.0307252085598
1	nachricht	36.0307252085598
1	kapital	34.0307252085598
1	mutter	33.0307252085598
1	geld	33.0307252085598
1	emma	32.0307252085598
1	gr	32.0307252085598
1	bitte	32.0307252085598
1	richter	32.0307252085598
1	geschenk	27.0307252085598
1	gesund	27.0307252085598
1	treuen	27.0307252085598
1	minona	27.0307252085598
1	schicke	26.0307252085598
1	rat	25.0307252085598
1	melde	25.0307252085598
1	kindern	24.0307252085598
1	assignation	24.0307252085598
1	kalb	24.0307252085598
1	pro	23.0307252085598
1	witwen	23.0307252085598
1	april	23.0307252085598
1	einnahme	22.0307252085598
1	richtärschen	22.0307252085598
1	juli	22.0307252085598
1	lieben	21.0307252085598
0	draußen	5.030725208559798
0	geantwortet	5.030725208559798
0	verdanken	4.030725208559798
0	mehrmals	4.030725208559798
0	schnellen	4.030725208559798
0	festes	4.030725208559798
0	verwundet	4.030725208559798
0	versuchs	4.030725208559798
0	roten	3.030725208559798
0	schwiegersohn	3.030725208559798
0	begegnet	3.030725208559798
0	verbot	3.030725208559798
0	böses	3.030725208559798
0	begangen	3.030725208559798
0	elbe	3.030725208559798
0	conradsreuth	3.030725208559798
0	ernstes	3.030725208559798
0	verletzt	3.030725208559798
0	schuldlos	3.030725208559798
0	aufrecht	3.030725208559798
0	entdeckte	3.030725208559798
0	praebende	3.030725208559798
0	herbst	2.030725208559798
0	talent	2.030725208559798
0	lichte	2.030725208559798
0	wußte	2.030725208559798
0	freigebig	2.030725208559798
0	monaten	2.030725208559798
0	betreten	2.030725208559798
0	vermag	2.030725208559798
0	richtete	2.030725208559798
0	langermann	2.030725208559798
0	modejournal	2.030725208559798
0	änderung	2.030725208559798
0	außerordentlich	2.030725208559798
0	schlug	2.030725208559798
0	könige	2.030725208559798
0	beleidigte	2.030725208559798
0	zunehmende	2.030725208559798
0	schwache	2.030725208559798
0	schwabacher	2.030725208559798
0	inzwischen	2.030725208559798
0	beruhige	2.030725208559798
0	vorübergehen	2.030725208559798
0	führung	2.030725208559798
0	sophie	2.030725208559798
0	verlieben	2.030725208559798
0	schnupfen	2.030725208559798
0	unverzeihlich	2.030725208559798
0	behauptung	2.030725208559798
